planta,dsl,dsl_ruta,modelo,array,origen,n_valores,modelo_encriptado,legible
Planta_Monte Plata Solar,Q_Control,\VM-PF.IntUser\PDD 30-09-2025.IntPrj\Network Model.IntPrjfolder\Network Data.IntPrjfolder\ESTE 69 kV.ElmNet\Planta_Monte Plata Solar.ElmComp\Q_Control.ElmDsl,ReactPow_Control,array_PFP,param,0,1,0
Planta_Monte Plata Solar,Q_Control,\VM-PF.IntUser\PDD 30-09-2025.IntPrj\Network Model.IntPrjfolder\Network Data.IntPrjfolder\ESTE 69 kV.ElmNet\Planta_Monte Plata Solar.ElmComp\Q_Control.ElmDsl,ReactPow_Control,array_QU,param,0,1,0
Planta_Monte Plata Solar,Protection,\VM-PF.IntUser\PDD 30-09-2025.IntPrj\Network Model.IntPrjfolder\Network Data.IntPrjfolder\ESTE 69 kV.ElmNet\Planta_Monte Plata Solar.ElmComp\Protection.ElmDsl,Protection,array_LVRT,param,0,1,0
Planta_Monte Plata Solar,Protection,\VM-PF.IntUser\PDD 30-09-2025.IntPrj\Network Model.IntPrjfolder\Network Data.IntPrjfolder\ESTE 69 kV.ElmNet\Planta_Monte Plata Solar.ElmComp\Protection.ElmDsl,Protection,array_HVRT,param,0,1,0
Planta_PF Martí,Q_Control,\VM-PF.IntUser\PDD 30-09-2025.IntPrj\Network Model.IntPrjfolder\Network Data.IntPrjfolder\CENTRAL 69 kV.ElmNet\Martí.ElmSite\Planta_PF Martí.ElmComp\Q_Control.ElmDsl,ReactPow_Control,array_PFP,param,0,1,0
Planta_PF Martí,Q_Control,\VM-PF.IntUser\PDD 30-09-2025.IntPrj\Network Model.IntPrjfolder\Network Data.IntPrjfolder\CENTRAL 69 kV.ElmNet\Martí.ElmSite\Planta_PF Martí.ElmComp\Q_Control.ElmDsl,ReactPow_Control,array_QU,param,0,1,0
Planta_PF Martí,Protection,\VM-PF.IntUser\PDD 30-09-2025.IntPrj\Network Model.IntPrjfolder\Network Data.IntPrjfolder\CENTRAL 69 kV.ElmNet\Martí.ElmSite\Planta_PF Martí.ElmComp\Protection.ElmDsl,Protection,array_LVRT,param,0,1,0
Planta_PF Martí,Protection,\VM-PF.IntUser\PDD 30-09-2025.IntPrj\Network Model.IntPrjfolder\Network Data.IntPrjfolder\CENTRAL 69 kV.ElmNet\Martí.ElmSite\Planta_PF Martí.ElmComp\Protection.ElmDsl,Protection,array_HVRT,param,0,1,0
Plant_PF Maranatha,Q_Control,\VM-PF.IntUser\PDD 30-09-2025.IntPrj\Network Model.IntPrjfolder\Network Data.IntPrjfolder\CENTRAL 69 kV.ElmNet\Maranatha.ElmSite\Plant_PF Maranatha.ElmComp\Q_Control.ElmDsl,ReactPow_Control,array_PFP,param,0,1,0
Plant_PF Maranatha,Q_Control,\VM-PF.IntUser\PDD 30-09-2025.IntPrj\Network Model.IntPrjfolder\Network Data.IntPrjfolder\CENTRAL 69 kV.ElmNet\Maranatha.ElmSite\Plant_PF Maranatha.ElmComp\Q_Control.ElmDsl,ReactPow_Control,array_QU,param,0,1,0
Plant_PF Maranatha,Protection,\VM-PF.IntUser\PDD 30-09-2025.IntPrj\Network Model.IntPrjfolder\Network Data.IntPrjfolder\CENTRAL 69 kV.ElmNet\Maranatha.ElmSite\Plant_PF Maranatha.ElmComp\Protection.ElmDsl,Protection,array_LVRT,param,0,1,0
Plant_PF Maranatha,Protection,\VM-PF.IntUser\PDD 30-09-2025.IntPrj\Network Model.IntPrjfolder\Network Data.IntPrjfolder\CENTRAL 69 kV.ElmNet\Maranatha.ElmSite\Plant_PF Maranatha.ElmComp\Protection.ElmDsl,Protection,array_HVRT,param,0,1,0
Planta_El Soco,PV_CTRL,\VM-PF.IntUser\PDD 30-09-2025.IntPrj\Network Model.IntPrjfolder\Network Data.IntPrjfolder\ESTE 138 kV.ElmNet\El Soco.ElmSite\Planta_El Soco.ElmComp\PV_CTRL.ElmDsl,E_PV_CTRL,array_U2Id2,param,0,1,0
Planta_El Soco,PV_CTRL,\VM-PF.IntUser\PDD 30-09-2025.IntPrj\Network Model.IntPrjfolder\Network Data.IntPrjfolder\ESTE 138 kV.ElmNet\El Soco.ElmSite\Planta_El Soco.ElmComp\PV_CTRL.ElmDsl,E_PV_CTRL,array_UId,param,0,1,0
Planta_El Soco,PV_PQREF,\VM-PF.IntUser\PDD 30-09-2025.IntPrj\Network Model.IntPrjfolder\Network Data.IntPrjfolder\ESTE 138 kV.ElmNet\El Soco.ElmSite\Planta_El Soco.ElmComp\PV_PQREF.ElmDsl,E_PV_PQREF,array_QVdroop,param,0,1,0
Planta_El Soco,PROTECTIONS,\VM-PF.IntUser\PDD 30-09-2025.IntPrj\Network Model.IntPrjfolder\Network Data.IntPrjfolder\ESTE 138 kV.ElmNet\El Soco.ElmSite\Planta_El Soco.ElmComp\PROTECTIONS.ElmDsl,PROTECTIONS,array_uv,param,0,1,0
Planta_El Soco,PROTECTIONS,\VM-PF.IntUser\PDD 30-09-2025.IntPrj\Network Model.IntPrjfolder\Network Data.IntPrjfolder\ESTE 138 kV.ElmNet\El Soco.ElmSite\Planta_El Soco.ElmComp\PROTECTIONS.ElmDsl,PROTECTIONS,array_dv,param,0,1,0
Planta_El Soco,PROTECTIONS,\VM-PF.IntUser\PDD 30-09-2025.IntPrj\Network Model.IntPrjfolder\Network Data.IntPrjfolder\ESTE 138 kV.ElmNet\El Soco.ElmSite\Planta_El Soco.ElmComp\PROTECTIONS.ElmDsl,PROTECTIONS,array_ov,param,0,1,0
Planta_El Soco,PROTECTIONS,\VM-PF.IntUser\PDD 30-09-2025.IntPrj\Network Model.IntPrjfolder\Network Data.IntPrjfolder\ESTE 138 kV.ElmNet\El Soco.ElmSite\Planta_El Soco.ElmComp\PROTECTIONS.ElmDsl,PROTECTIONS,array_uf,param,0,1,0
Planta_El Soco,PROTECTIONS,\VM-PF.IntUser\PDD 30-09-2025.IntPrj\Network Model.IntPrjfolder\Network Data.IntPrjfolder\ESTE 138 kV.ElmNet\El Soco.ElmSite\Planta_El Soco.ElmComp\PROTECTIONS.ElmDsl,PROTECTIONS,array_of,param,0,1,0
Plant_PF Cotoperí 1,Q_Control,\VM-PF.IntUser\PDD 30-09-2025.IntPrj\Network Model.IntPrjfolder\Network Data.IntPrjfolder\ESTE 138 kV.ElmNet\Cotoperí.ElmSite\Plant_PF Cotoperí 1.ElmComp\Q_Control.ElmDsl,ReactPow_Control,array_PFP,param,0,1,0
Plant_PF Cotoperí 1,Q_Control,\VM-PF.IntUser\PDD 30-09-2025.IntPrj\Network Model.IntPrjfolder\Network Data.IntPrjfolder\ESTE 138 kV.ElmNet\Cotoperí.ElmSite\Plant_PF Cotoperí 1.ElmComp\Q_Control.ElmDsl,ReactPow_Control,array_QU,param,0,1,0
Plant_PF Cotoperí 1,Protection,\VM-PF.IntUser\PDD 30-09-2025.IntPrj\Network Model.IntPrjfolder\Network Data.IntPrjfolder\ESTE 138 kV.ElmNet\Cotoperí.ElmSite\Plant_PF Cotoperí 1.ElmComp\Protection.ElmDsl,Protection,array_LVRT,param,0,1,0
Plant_PF Cotoperí 1,Protection,\VM-PF.IntUser\PDD 30-09-2025.IntPrj\Network Model.IntPrjfolder\Network Data.IntPrjfolder\ESTE 138 kV.ElmNet\Cotoperí.ElmSite\Plant_PF Cotoperí 1.ElmComp\Protection.ElmDsl,Protection,array_HVRT,param,0,1,0
Plant_PF Cotoperí 2,Q_Control,\VM-PF.IntUser\PDD 30-09-2025.IntPrj\Network Model.IntPrjfolder\Network Data.IntPrjfolder\ESTE 138 kV.ElmNet\Cotoperí.ElmSite\Plant_PF Cotoperí 2.ElmComp\Q_Control.ElmDsl,ReactPow_Control,array_PFP,param,0,1,0
Plant_PF Cotoperí 2,Q_Control,\VM-PF.IntUser\PDD 30-09-2025.IntPrj\Network Model.IntPrjfolder\Network Data.IntPrjfolder\ESTE 138 kV.ElmNet\Cotoperí.ElmSite\Plant_PF Cotoperí 2.ElmComp\Q_Control.ElmDsl,ReactPow_Control,array_QU,param,0,1,0
Plant_PF Cotoperí 2,Protection,\VM-PF.IntUser\PDD 30-09-2025.IntPrj\Network Model.IntPrjfolder\Network Data.IntPrjfolder\ESTE 138 kV.ElmNet\Cotoperí.ElmSite\Plant_PF Cotoperí 2.ElmComp\Protection.ElmDsl,Protection,array_LVRT,param,0,1,0
Plant_PF Cotoperí 2,Protection,\VM-PF.IntUser\PDD 30-09-2025.IntPrj\Network Model.IntPrjfolder\Network Data.IntPrjfolder\ESTE 138 kV.ElmNet\Cotoperí.ElmSite\Plant_PF Cotoperí 2.ElmComp\Protection.ElmDsl,Protection,array_HVRT,param,0,1,0
Plant_PF Cotoperí 3,Q_Control,\VM-PF.IntUser\PDD 30-09-2025.IntPrj\Network Model.IntPrjfolder\Network Data.IntPrjfolder\ESTE 138 kV.ElmNet\Cotoperí.ElmSite\Plant_PF Cotoperí 3.ElmComp\Q_Control.ElmDsl,ReactPow_Control,array_PFP,param,0,1,0
Plant_PF Cotoperí 3,Q_Control,\VM-PF.IntUser\PDD 30-09-2025.IntPrj\Network Model.IntPrjfolder\Network Data.IntPrjfolder\ESTE 138 kV.ElmNet\Cotoperí.ElmSite\Plant_PF Cotoperí 3.ElmComp\Q_Control.ElmDsl,ReactPow_Control,array_QU,param,0,1,0
Plant_PF Cotoperí 3,Protection,\VM-PF.IntUser\PDD 30-09-2025.IntPrj\Network Model.IntPrjfolder\Network Data.IntPrjfolder\ESTE 138 kV.ElmNet\Cotoperí.ElmSite\Plant_PF Cotoperí 3.ElmComp\Protection.ElmDsl,Protection,array_LVRT,param,0,1,0
Plant_PF Cotoperí 3,Protection,\VM-PF.IntUser\PDD 30-09-2025.IntPrj\Network Model.IntPrjfolder\Network Data.IntPrjfolder\ESTE 138 kV.ElmNet\Cotoperí.ElmSite\Plant_PF Cotoperí 3.ElmComp\Protection.ElmDsl,Protection,array_HVRT,param,0,1,0
Planta_PF Coastal G2,Q_Control,\VM-PF.IntUser\PDD 30-09-2025.IntPrj\Network Model.IntPrjfolder\Network Data.IntPrjfolder\ESTE 138 kV.ElmNet\Coastal.ElmSite\Planta_PF Coastal G2.ElmComp\Q_Control.ElmDsl,ReactPow_Control,array_PFP,param,0,1,0
Planta_PF Coastal G2,Q_Control,\VM-PF.IntUser\PDD 30-09-2025.IntPrj\Network Model.IntPrjfolder\Network Data.IntPrjfolder\ESTE 138 kV.ElmNet\Coastal.ElmSite\Planta_PF Coastal G2.ElmComp\Q_Control.ElmDsl,ReactPow_Control,array_QU,param,0,1,0
Planta_PF Coastal G2,Protection,\VM-PF.IntUser\PDD 30-09-2025.IntPrj\Network Model.IntPrjfolder\Network Data.IntPrjfolder\ESTE 138 kV.ElmNet\Coastal.ElmSite\Planta_PF Coastal G2.ElmComp\Protection.ElmDsl,Protection,array_LVRT,param,0,1,0
Planta_PF Coastal G2,Protection,\VM-PF.IntUser\PDD 30-09-2025.IntPrj\Network Model.IntPrjfolder\Network Data.IntPrjfolder\ESTE 138 kV.ElmNet\Coastal.ElmSite\Planta_PF Coastal G2.ElmComp\Protection.ElmDsl,Protection,array_HVRT,param,0,1,0
Planta_PF Coastal G1,Q_Control,\VM-PF.IntUser\PDD 30-09-2025.IntPrj\Network Model.IntPrjfolder\Network Data.IntPrjfolder\ESTE 138 kV.ElmNet\Coastal.ElmSite\Planta_PF Coastal G1.ElmComp\Q_Control.ElmDsl,ReactPow_Control,array_PFP,param,0,1,0
Planta_PF Coastal G1,Q_Control,\VM-PF.IntUser\PDD 30-09-2025.IntPrj\Network Model.IntPrjfolder\Network Data.IntPrjfolder\ESTE 138 kV.ElmNet\Coastal.ElmSite\Planta_PF Coastal G1.ElmComp\Q_Control.ElmDsl,ReactPow_Control,array_QU,param,0,1,0
Planta_PF Coastal G1,Protection,\VM-PF.IntUser\PDD 30-09-2025.IntPrj\Network Model.IntPrjfolder\Network Data.IntPrjfolder\ESTE 138 kV.ElmNet\Coastal.ElmSite\Planta_PF Coastal G1.ElmComp\Protection.ElmDsl,Protection,array_LVRT,param,0,1,0
Planta_PF Coastal G1,Protection,\VM-PF.IntUser\PDD 30-09-2025.IntPrj\Network Model.IntPrjfolder\Network Data.IntPrjfolder\ESTE 138 kV.ElmNet\Coastal.ElmSite\Planta_PF Coastal G1.ElmComp\Protection.ElmDsl,Protection,array_HVRT,param,0,1,0
Planta_Monción 1_PIPAC,PCO Moncion,\VM-PF.IntUser\PDD 30-09-2025.IntPrj\Network Model.IntPrjfolder\Network Data.IntPrjfolder\NORTE 138 kV.ElmNet\Monción.ElmSite\Planta_Monción 1_PIPAC.ElmComp\PCO Moncion.ElmDsl,NEYPRIC 1500,array_vchar,param,0,0,0
Planta_Monción 1_PIPAC,pmu_Monción 1,\VM-PF.IntUser\PDD 30-09-2025.IntPrj\Network Model.IntPrjfolder\Network Data.IntPrjfolder\NORTE 138 kV.ElmNet\Monción.ElmSite\Planta_Monción 1_PIPAC.ElmComp\pmu_Monción 1.ElmDsl,pmu_TrWHydroFrancis(2),array_ytat,param,0,0,0
Planta_Monción 2_PIPAC,PCO Moncion,\VM-PF.IntUser\PDD 30-09-2025.IntPrj\Network Model.IntPrjfolder\Network Data.IntPrjfolder\NORTE 138 kV.ElmNet\Monción.ElmSite\Planta_Monción 2_PIPAC.ElmComp\PCO Moncion.ElmDsl,NEYPRIC 1500,array_vchar,param,0,0,0
Planta_Monción 2_PIPAC,pmu_Monción 2,\VM-PF.IntUser\PDD 30-09-2025.IntPrj\Network Model.IntPrjfolder\Network Data.IntPrjfolder\NORTE 138 kV.ElmNet\Monción.ElmSite\Planta_Monción 2_PIPAC.ElmComp\pmu_Monción 2.ElmDsl,pmu_TrWHydroFrancis(2),array_ytat,param,0,0,0
Planta_Tavera 1_PIPAC,PCO Tavera,\VM-PF.IntUser\PDD 30-09-2025.IntPrj\Network Model.IntPrjfolder\Network Data.IntPrjfolder\NORTE 138 kV.ElmNet\Tavera.ElmSite\Planta_Tavera 1_PIPAC.ElmComp\PCO Tavera.ElmDsl,NEYPRIC 1500,array_vchar,param,0,0,0
Planta_Tavera 1_PIPAC,pmu_Tavera 1,\VM-PF.IntUser\PDD 30-09-2025.IntPrj\Network Model.IntPrjfolder\Network Data.IntPrjfolder\NORTE 138 kV.ElmNet\Tavera.ElmSite\Planta_Tavera 1_PIPAC.ElmComp\pmu_Tavera 1.ElmDsl,pmu_TrWHydroFrancis,array_ytat,param,0,0,0
Planta_Tavera 2_PIPAC,PCO Tavera,\VM-PF.IntUser\PDD 30-09-2025.IntPrj\Network Model.IntPrjfolder\Network Data.IntPrjfolder\NORTE 138 kV.ElmNet\Tavera.ElmSite\Planta_Tavera 2_PIPAC.ElmComp\PCO Tavera.ElmDsl,NEYPRIC 1500,array_vchar,param,0,0,0
Planta_Tavera 2_PIPAC,pmu_Tavera 2,\VM-PF.IntUser\PDD 30-09-2025.IntPrj\Network Model.IntPrjfolder\Network Data.IntPrjfolder\NORTE 138 kV.ElmNet\Tavera.ElmSite\Planta_Tavera 2_PIPAC.ElmComp\pmu_Tavera 2.ElmDsl,pmu_TrWHydroFrancis,array_ytat,param,0,0,0
Planta_SAJOMA,Q_Control,\VM-PF.IntUser\PDD 30-09-2025.IntPrj\Network Model.IntPrjfolder\Network Data.IntPrjfolder\NORTE 138 kV.ElmNet\SAJOMA.ElmSite\Planta_SAJOMA.ElmComp\Q_Control.ElmDsl,ReactPow_Control,array_PFP,param,0,1,0
Planta_SAJOMA,Q_Control,\VM-PF.IntUser\PDD 30-09-2025.IntPrj\Network Model.IntPrjfolder\Network Data.IntPrjfolder\NORTE 138 kV.ElmNet\SAJOMA.ElmSite\Planta_SAJOMA.ElmComp\Q_Control.ElmDsl,ReactPow_Control,array_QU,param,0,1,0
Planta_SAJOMA,Protection,\VM-PF.IntUser\PDD 30-09-2025.IntPrj\Network Model.IntPrjfolder\Network Data.IntPrjfolder\NORTE 138 kV.ElmNet\SAJOMA.ElmSite\Planta_SAJOMA.ElmComp\Protection.ElmDsl,Protection,array_LVRT,param,0,1,0
Planta_SAJOMA,Protection,\VM-PF.IntUser\PDD 30-09-2025.IntPrj\Network Model.IntPrjfolder\Network Data.IntPrjfolder\NORTE 138 kV.ElmNet\SAJOMA.ElmSite\Planta_SAJOMA.ElmComp\Protection.ElmDsl,Protection,array_HVRT,param,0,1,0
Planta_Agua Clara,CONTROL_SYSTEM_S,\VM-PF.IntUser\PDD 30-09-2025.IntPrj\Network Model.IntPrjfolder\Network Data.IntPrjfolder\NORTE 138 kV.ElmNet\Agua Clara.ElmSite\Planta_Agua Clara.ElmComp\CONTROL_SYSTEM_S.ElmDsl,CONTROL_SYSTEM,array_OptiPitch,param,0,1,0
Planta_Agua Clara,CONTROL_SYSTEM_S,\VM-PF.IntUser\PDD 30-09-2025.IntPrj\Network Model.IntPrjfolder\Network Data.IntPrjfolder\NORTE 138 kV.ElmNet\Agua Clara.ElmSite\Planta_Agua Clara.ElmComp\CONTROL_SYSTEM_S.ElmDsl,CONTROL_SYSTEM,array_InterplDeltaStatorPwMaxInstVsGenSpd,param,0,1,0
Planta_Agua Clara,CONTROL_SYSTEM_S,\VM-PF.IntUser\PDD 30-09-2025.IntPrj\Network Model.IntPrjfolder\Network Data.IntPrjfolder\NORTE 138 kV.ElmNet\Agua Clara.ElmSite\Planta_Agua Clara.ElmComp\CONTROL_SYSTEM_S.ElmDsl,CONTROL_SYSTEM,array_InterplInvGainPropVsPitch,param,0,1,0
Planta_Agua Clara,CONTROL_SYSTEM_S,\VM-PF.IntUser\PDD 30-09-2025.IntPrj\Network Model.IntPrjfolder\Network Data.IntPrjfolder\NORTE 138 kV.ElmNet\Agua Clara.ElmSite\Planta_Agua Clara.ElmComp\CONTROL_SYSTEM_S.ElmDsl,CONTROL_SYSTEM,array_InterplGainDerivVsPitch,param,0,1,0
Planta_Agua Clara,CONTROL_SYSTEM_S,\VM-PF.IntUser\PDD 30-09-2025.IntPrj\Network Model.IntPrjfolder\Network Data.IntPrjfolder\NORTE 138 kV.ElmNet\Agua Clara.ElmSite\Planta_Agua Clara.ElmComp\CONTROL_SYSTEM_S.ElmDsl,CONTROL_SYSTEM,array_InterplDipPuRateVsTq,param,0,1,0
Planta_Agua Clara,CONTROL_SYSTEM_S,\VM-PF.IntUser\PDD 30-09-2025.IntPrj\Network Model.IntPrjfolder\Network Data.IntPrjfolder\NORTE 138 kV.ElmNet\Agua Clara.ElmSite\Planta_Agua Clara.ElmComp\CONTROL_SYSTEM_S.ElmDsl,CONTROL_SYSTEM,array_InterplDipPuRateVsGenAcc,param,0,1,0
Planta_Agua Clara,CONTROL_SYSTEM_S,\VM-PF.IntUser\PDD 30-09-2025.IntPrj\Network Model.IntPrjfolder\Network Data.IntPrjfolder\NORTE 138 kV.ElmNet\Agua Clara.ElmSite\Planta_Agua Clara.ElmComp\CONTROL_SYSTEM_S.ElmDsl,CONTROL_SYSTEM,array_InterplDipPuRateVsGenSpeed,param,0,1,0
Planta_Agua Clara,ELEC_CTRL_S,\VM-PF.IntUser\PDD 30-09-2025.IntPrj\Network Model.IntPrjfolder\Network Data.IntPrjfolder\NORTE 138 kV.ElmNet\Agua Clara.ElmSite\Planta_Agua Clara.ElmComp\ELEC_CTRL_S.ElmDsl,ELEC_CTRL,array_injection,param,0,1,0
Planta_Agua Clara,ELEC_CTRL_S,\VM-PF.IntUser\PDD 30-09-2025.IntPrj\Network Model.IntPrjfolder\Network Data.IntPrjfolder\NORTE 138 kV.ElmNet\Agua Clara.ElmSite\Planta_Agua Clara.ElmComp\ELEC_CTRL_S.ElmDsl,ELEC_CTRL,array_rcrowbar,param,0,1,0
Planta_Agua Clara,ELEC_CTRL_S,\VM-PF.IntUser\PDD 30-09-2025.IntPrj\Network Model.IntPrjfolder\Network Data.IntPrjfolder\NORTE 138 kV.ElmNet\Agua Clara.ElmSite\Planta_Agua Clara.ElmComp\ELEC_CTRL_S.ElmDsl,ELEC_CTRL,matrix_au_p,param,0,1,0
Planta_Agua Clara,ELEC_CTRL_S,\VM-PF.IntUser\PDD 30-09-2025.IntPrj\Network Model.IntPrjfolder\Network Data.IntPrjfolder\NORTE 138 kV.ElmNet\Agua Clara.ElmSite\Planta_Agua Clara.ElmComp\ELEC_CTRL_S.ElmDsl,ELEC_CTRL,array_UQMAX,param,0,1,0
Planta_Agua Clara,ELEC_CTRL_S,\VM-PF.IntUser\PDD 30-09-2025.IntPrj\Network Model.IntPrjfolder\Network Data.IntPrjfolder\NORTE 138 kV.ElmNet\Agua Clara.ElmSite\Planta_Agua Clara.ElmComp\ELEC_CTRL_S.ElmDsl,ELEC_CTRL,array_UQMIN,param,0,1,0
Planta_Agua Clara,ELEC_CTRL_S,\VM-PF.IntUser\PDD 30-09-2025.IntPrj\Network Model.IntPrjfolder\Network Data.IntPrjfolder\NORTE 138 kV.ElmNet\Agua Clara.ElmSite\Planta_Agua Clara.ElmComp\ELEC_CTRL_S.ElmDsl,ELEC_CTRL,array_PQMAX,param,0,1,0
Planta_Agua Clara,ELEC_CTRL_S,\VM-PF.IntUser\PDD 30-09-2025.IntPrj\Network Model.IntPrjfolder\Network Data.IntPrjfolder\NORTE 138 kV.ElmNet\Agua Clara.ElmSite\Planta_Agua Clara.ElmComp\ELEC_CTRL_S.ElmDsl,ELEC_CTRL,array_PQMIN,param,0,1,0
Planta_Agua Clara,ELEC_CTRL_S,\VM-PF.IntUser\PDD 30-09-2025.IntPrj\Network Model.IntPrjfolder\Network Data.IntPrjfolder\NORTE 138 kV.ElmNet\Agua Clara.ElmSite\Planta_Agua Clara.ElmComp\ELEC_CTRL_S.ElmDsl,ELEC_CTRL,array_MaxPwrFreqTbl,param,0,1,0
Planta_Agua Clara,SHAFT_S,\VM-PF.IntUser\PDD 30-09-2025.IntPrj\Network Model.IntPrjfolder\Network Data.IntPrjfolder\NORTE 138 kV.ElmNet\Agua Clara.ElmSite\Planta_Agua Clara.ElmComp\SHAFT_S.ElmDsl,SHAFT,array_DriveTrainLosses,param,0,1,0
Planta_Agua Clara,WIND_S,\VM-PF.IntUser\PDD 30-09-2025.IntPrj\Network Model.IntPrjfolder\Network Data.IntPrjfolder\NORTE 138 kV.ElmNet\Agua Clara.ElmSite\Planta_Agua Clara.ElmComp\WIND_S.ElmDsl,WIND,array_optipitch,param,0,1,0
Planta_Agua Clara,WIND_S,\VM-PF.IntUser\PDD 30-09-2025.IntPrj\Network Model.IntPrjfolder\Network Data.IntPrjfolder\NORTE 138 kV.ElmNet\Agua Clara.ElmSite\Planta_Agua Clara.ElmComp\WIND_S.ElmDsl,WIND,matrix_Cq_Lambda_Beta,param,0,1,0
Planta_Agua Clara,AERODYNAMICS_S,\VM-PF.IntUser\PDD 30-09-2025.IntPrj\Network Model.IntPrjfolder\Network Data.IntPrjfolder\NORTE 138 kV.ElmNet\Agua Clara.ElmSite\Planta_Agua Clara.ElmComp\AERODYNAMICS_S.ElmDsl,AERODYNAMICS,array_optipitch,param,0,1,0
Planta_Agua Clara,AERODYNAMICS_S,\VM-PF.IntUser\PDD 30-09-2025.IntPrj\Network Model.IntPrjfolder\Network Data.IntPrjfolder\NORTE 138 kV.ElmNet\Agua Clara.ElmSite\Planta_Agua Clara.ElmComp\AERODYNAMICS_S.ElmDsl,AERODYNAMICS,matrix_Cq_Lambda_Beta,param,0,1,0
Planta_Agua Clara,PROTECTIONS_S,\VM-PF.IntUser\PDD 30-09-2025.IntPrj\Network Model.IntPrjfolder\Network Data.IntPrjfolder\NORTE 138 kV.ElmNet\Agua Clara.ElmSite\Planta_Agua Clara.ElmComp\PROTECTIONS_S.ElmDsl,Protections,array_uv,param,0,1,0
Planta_Agua Clara,PROTECTIONS_S,\VM-PF.IntUser\PDD 30-09-2025.IntPrj\Network Model.IntPrjfolder\Network Data.IntPrjfolder\NORTE 138 kV.ElmNet\Agua Clara.ElmSite\Planta_Agua Clara.ElmComp\PROTECTIONS_S.ElmDsl,Protections,array_ov,param,0,1,0
Planta_Agua Clara,PROTECTIONS_S,\VM-PF.IntUser\PDD 30-09-2025.IntPrj\Network Model.IntPrjfolder\Network Data.IntPrjfolder\NORTE 138 kV.ElmNet\Agua Clara.ElmSite\Planta_Agua Clara.ElmComp\PROTECTIONS_S.ElmDsl,Protections,array_uf,param,0,1,0
Planta_Agua Clara,PROTECTIONS_S,\VM-PF.IntUser\PDD 30-09-2025.IntPrj\Network Model.IntPrjfolder\Network Data.IntPrjfolder\NORTE 138 kV.ElmNet\Agua Clara.ElmSite\Planta_Agua Clara.ElmComp\PROTECTIONS_S.ElmDsl,Protections,array_of,param,0,1,0
Planta_Guanillo,P control model type 3,\VM-PF.IntUser\PDD 30-09-2025.IntPrj\Network Model.IntPrjfolder\Network Data.IntPrjfolder\NORTE 138 kV.ElmNet\Guanillo.ElmSite\Planta_Guanillo.ElmComp\P control model type 3.ElmDsl,P control model type 3,oarray_wp,IntMat:wp,12,1,1
Planta_Guanillo,Current limitation model,\VM-PF.IntUser\PDD 30-09-2025.IntPrj\Network Model.IntPrjfolder\Network Data.IntPrjfolder\NORTE 138 kV.ElmNet\Guanillo.ElmSite\Planta_Guanillo.ElmComp\Current limitation model.ElmDsl,Current limitation model,oarray_iqmaxuWT,IntMat:iqmaxuWT,12,1,1
Planta_Guanillo,Current limitation model,\VM-PF.IntUser\PDD 30-09-2025.IntPrj\Network Model.IntPrjfolder\Network Data.IntPrjfolder\NORTE 138 kV.ElmNet\Guanillo.ElmSite\Planta_Guanillo.ElmComp\Current limitation model.ElmDsl,Current limitation model,oarray_ipmaxuWT,IntMat:ipmaxuWT,12,1,1
Planta_Guanillo,QP and QU limitation model,\VM-PF.IntUser\PDD 30-09-2025.IntPrj\Network Model.IntPrjfolder\Network Data.IntPrjfolder\NORTE 138 kV.ElmNet\Guanillo.ElmSite\Planta_Guanillo.ElmComp\QP and QU limitation model.ElmDsl,QP and QU limitation model,oarray_qmaxuu,IntMat:qmaxuu,6,1,1
Planta_Guanillo,QP and QU limitation model,\VM-PF.IntUser\PDD 30-09-2025.IntPrj\Network Model.IntPrjfolder\Network Data.IntPrjfolder\NORTE 138 kV.ElmNet\Guanillo.ElmSite\Planta_Guanillo.ElmComp\QP and QU limitation model.ElmDsl,QP and QU limitation model,oarray_qminuu,IntMat:qminuu,6,1,1
Planta_Guanillo,QP and QU limitation model,\VM-PF.IntUser\PDD 30-09-2025.IntPrj\Network Model.IntPrjfolder\Network Data.IntPrjfolder\NORTE 138 kV.ElmNet\Guanillo.ElmSite\Planta_Guanillo.ElmComp\QP and QU limitation model.ElmDsl,QP and QU limitation model,oarray_qmaxpp,IntMat:qmaxpp,6,1,1
Planta_Guanillo,QP and QU limitation model,\VM-PF.IntUser\PDD 30-09-2025.IntPrj\Network Model.IntPrjfolder\Network Data.IntPrjfolder\NORTE 138 kV.ElmNet\Guanillo.ElmSite\Planta_Guanillo.ElmComp\QP and QU limitation model.ElmDsl,QP and QU limitation model,oarray_qminpp,IntMat:qminpp,6,1,1
Planta_Guanillo,Protection,\VM-PF.IntUser\PDD 30-09-2025.IntPrj\Network Model.IntPrjfolder\Network Data.IntPrjfolder\NORTE 138 kV.ElmNet\Guanillo.ElmSite\Planta_Guanillo.ElmComp\Protection.ElmDsl,Grid Protection Model,oarray_TuunderuWT,IntMat:TuunderuWT,16,1,1
Planta_Guanillo,Protection,\VM-PF.IntUser\PDD 30-09-2025.IntPrj\Network Model.IntPrjfolder\Network Data.IntPrjfolder\NORTE 138 kV.ElmNet\Guanillo.ElmSite\Planta_Guanillo.ElmComp\Protection.ElmDsl,Grid Protection Model,oarray_TfunderfWT,IntMat:TfunderfWT,4,1,1
Planta_Guanillo,Protection,\VM-PF.IntUser\PDD 30-09-2025.IntPrj\Network Model.IntPrjfolder\Network Data.IntPrjfolder\NORTE 138 kV.ElmNet\Guanillo.ElmSite\Planta_Guanillo.ElmComp\Protection.ElmDsl,Grid Protection Model,oarray_TuoveruWT,IntMat:TuoveruWT,8,1,1
Planta_Guanillo,Protection,\VM-PF.IntUser\PDD 30-09-2025.IntPrj\Network Model.IntPrjfolder\Network Data.IntPrjfolder\NORTE 138 kV.ElmNet\Guanillo.ElmSite\Planta_Guanillo.ElmComp\Protection.ElmDsl,Grid Protection Model,oarray_TfoverfWT,IntMat:TfoverfWT,4,1,1
Planta_Los Guzmancito,Current limitation model,\VM-PF.IntUser\PDD 30-09-2025.IntPrj\Network Model.IntPrjfolder\Network Data.IntPrjfolder\NORTE 138 kV.ElmNet\Los Guzmancito.ElmSite\Planta_Los Guzmancito.ElmComp\Current limitation model.ElmDsl,Current limitation model,oarray_iqmaxuWT,IntMat:iqmaxuWT,12,1,1
Planta_Los Guzmancito,Current limitation model,\VM-PF.IntUser\PDD 30-09-2025.IntPrj\Network Model.IntPrjfolder\Network Data.IntPrjfolder\NORTE 138 kV.ElmNet\Los Guzmancito.ElmSite\Planta_Los Guzmancito.ElmComp\Current limitation model.ElmDsl,Current limitation model,oarray_ipmaxuWT,IntMat:ipmaxuWT,12,1,1
Planta_Los Guzmancito,P control model type 3,\VM-PF.IntUser\PDD 30-09-2025.IntPrj\Network Model.IntPrjfolder\Network Data.IntPrjfolder\NORTE 138 kV.ElmNet\Los Guzmancito.ElmSite\Planta_Los Guzmancito.ElmComp\P control model type 3.ElmDsl,P control model type 3,oarray_wp,IntMat:wp,12,1,1
Planta_Los Guzmancito,Protection,\VM-PF.IntUser\PDD 30-09-2025.IntPrj\Network Model.IntPrjfolder\Network Data.IntPrjfolder\NORTE 138 kV.ElmNet\Los Guzmancito.ElmSite\Planta_Los Guzmancito.ElmComp\Protection.ElmDsl,Grid Protection Model,oarray_TuunderuWT,IntMat:TuunderuWT,16,1,1
Planta_Los Guzmancito,Protection,\VM-PF.IntUser\PDD 30-09-2025.IntPrj\Network Model.IntPrjfolder\Network Data.IntPrjfolder\NORTE 138 kV.ElmNet\Los Guzmancito.ElmSite\Planta_Los Guzmancito.ElmComp\Protection.ElmDsl,Grid Protection Model,oarray_TfunderfWT,IntMat:TfunderfWT,4,1,1
Planta_Los Guzmancito,Protection,\VM-PF.IntUser\PDD 30-09-2025.IntPrj\Network Model.IntPrjfolder\Network Data.IntPrjfolder\NORTE 138 kV.ElmNet\Los Guzmancito.ElmSite\Planta_Los Guzmancito.ElmComp\Protection.ElmDsl,Grid Protection Model,oarray_TuoveruWT,IntMat:TuoveruWT,8,1,1
Planta_Los Guzmancito,Protection,\VM-PF.IntUser\PDD 30-09-2025.IntPrj\Network Model.IntPrjfolder\Network Data.IntPrjfolder\NORTE 138 kV.ElmNet\Los Guzmancito.ElmSite\Planta_Los Guzmancito.ElmComp\Protection.ElmDsl,Grid Protection Model,oarray_TfoverfWT,IntMat:TfoverfWT,4,1,1
Planta_Los Guzmancito,QP and QU limitation model,\VM-PF.IntUser\PDD 30-09-2025.IntPrj\Network Model.IntPrjfolder\Network Data.IntPrjfolder\NORTE 138 kV.ElmNet\Los Guzmancito.ElmSite\Planta_Los Guzmancito.ElmComp\QP and QU limitation model.ElmDsl,QP and QU limitation model,oarray_qmaxuu,IntMat:qmaxuu,6,1,1
Planta_Los Guzmancito,QP and QU limitation model,\VM-PF.IntUser\PDD 30-09-2025.IntPrj\Network Model.IntPrjfolder\Network Data.IntPrjfolder\NORTE 138 kV.ElmNet\Los Guzmancito.ElmSite\Planta_Los Guzmancito.ElmComp\QP and QU limitation model.ElmDsl,QP and QU limitation model,oarray_qminuu,IntMat:qminuu,6,1,1
Planta_Los Guzmancito,QP and QU limitation model,\VM-PF.IntUser\PDD 30-09-2025.IntPrj\Network Model.IntPrjfolder\Network Data.IntPrjfolder\NORTE 138 kV.ElmNet\Los Guzmancito.ElmSite\Planta_Los Guzmancito.ElmComp\QP and QU limitation model.ElmDsl,QP and QU limitation model,oarray_qmaxpp,IntMat:qmaxpp,6,1,1
Planta_Los Guzmancito,QP and QU limitation model,\VM-PF.IntUser\PDD 30-09-2025.IntPrj\Network Model.IntPrjfolder\Network Data.IntPrjfolder\NORTE 138 kV.ElmNet\Los Guzmancito.ElmSite\Planta_Los Guzmancito.ElmComp\QP and QU limitation model.ElmDsl,QP and QU limitation model,oarray_qminpp,IntMat:qminpp,6,1,1
Planta_Los Guzmancito 2,Current limitation model,\VM-PF.IntUser\PDD 30-09-2025.IntPrj\Network Model.IntPrjfolder\Network Data.IntPrjfolder\NORTE 138 kV.ElmNet\Los Guzmancito.ElmSite\Planta_Los Guzmancito 2.ElmComp\Current limitation model.ElmDsl,Current limitation model,oarray_iqmaxuWT,IntMat:iqmaxuWT,12,1,1
Planta_Los Guzmancito 2,Current limitation model,\VM-PF.IntUser\PDD 30-09-2025.IntPrj\Network Model.IntPrjfolder\Network Data.IntPrjfolder\NORTE 138 kV.ElmNet\Los Guzmancito.ElmSite\Planta_Los Guzmancito 2.ElmComp\Current limitation model.ElmDsl,Current limitation model,oarray_ipmaxuWT,IntMat:ipmaxuWT,12,1,1
Planta_Los Guzmancito 2,P control model type 3,\VM-PF.IntUser\PDD 30-09-2025.IntPrj\Network Model.IntPrjfolder\Network Data.IntPrjfolder\NORTE 138 kV.ElmNet\Los Guzmancito.ElmSite\Planta_Los Guzmancito 2.ElmComp\P control model type 3.ElmDsl,P control model type 3,oarray_wp,IntMat:wp,12,1,1
Planta_Los Guzmancito 2,Protection,\VM-PF.IntUser\PDD 30-09-2025.IntPrj\Network Model.IntPrjfolder\Network Data.IntPrjfolder\NORTE 138 kV.ElmNet\Los Guzmancito.ElmSite\Planta_Los Guzmancito 2.ElmComp\Protection.ElmDsl,Grid Protection Model,oarray_TuunderuWT,IntMat:TuunderuWT,16,1,1
Planta_Los Guzmancito 2,Protection,\VM-PF.IntUser\PDD 30-09-2025.IntPrj\Network Model.IntPrjfolder\Network Data.IntPrjfolder\NORTE 138 kV.ElmNet\Los Guzmancito.ElmSite\Planta_Los Guzmancito 2.ElmComp\Protection.ElmDsl,Grid Protection Model,oarray_TfunderfWT,IntMat:TfunderfWT,4,1,1
Planta_Los Guzmancito 2,Protection,\VM-PF.IntUser\PDD 30-09-2025.IntPrj\Network Model.IntPrjfolder\Network Data.IntPrjfolder\NORTE 138 kV.ElmNet\Los Guzmancito.ElmSite\Planta_Los Guzmancito 2.ElmComp\Protection.ElmDsl,Grid Protection Model,oarray_TuoveruWT,IntMat:TuoveruWT,8,1,1
Planta_Los Guzmancito 2,Protection,\VM-PF.IntUser\PDD 30-09-2025.IntPrj\Network Model.IntPrjfolder\Network Data.IntPrjfolder\NORTE 138 kV.ElmNet\Los Guzmancito.ElmSite\Planta_Los Guzmancito 2.ElmComp\Protection.ElmDsl,Grid Protection Model,oarray_TfoverfWT,IntMat:TfoverfWT,4,1,1
Planta_Los Guzmancito 2,QP and QU limitation model,\VM-PF.IntUser\PDD 30-09-2025.IntPrj\Network Model.IntPrjfolder\Network Data.IntPrjfolder\NORTE 138 kV.ElmNet\Los Guzmancito.ElmSite\Planta_Los Guzmancito 2.ElmComp\QP and QU limitation model.ElmDsl,QP and QU limitation model,oarray_qmaxuu,IntMat:qmaxuu,6,1,1
Planta_Los Guzmancito 2,QP and QU limitation model,\VM-PF.IntUser\PDD 30-09-2025.IntPrj\Network Model.IntPrjfolder\Network Data.IntPrjfolder\NORTE 138 kV.ElmNet\Los Guzmancito.ElmSite\Planta_Los Guzmancito 2.ElmComp\QP and QU limitation model.ElmDsl,QP and QU limitation model,oarray_qminuu,IntMat:qminuu,6,1,1
Planta_Los Guzmancito 2,QP and QU limitation model,\VM-PF.IntUser\PDD 30-09-2025.IntPrj\Network Model.IntPrjfolder\Network Data.IntPrjfolder\NORTE 138 kV.ElmNet\Los Guzmancito.ElmSite\Planta_Los Guzmancito 2.ElmComp\QP and QU limitation model.ElmDsl,QP and QU limitation model,oarray_qmaxpp,IntMat:qmaxpp,6,1,1
Planta_Los Guzmancito 2,QP and QU limitation model,\VM-PF.IntUser\PDD 30-09-2025.IntPrj\Network Model.IntPrjfolder\Network Data.IntPrjfolder\NORTE 138 kV.ElmNet\Los Guzmancito.ElmSite\Planta_Los Guzmancito 2.ElmComp\QP and QU limitation model.ElmDsl,QP and QU limitation model,oarray_qminpp,IntMat:qminpp,6,1,1
UNITROL 1000,10_PQ Limiter,\VM-PF.IntUser\PDD 30-09-2025.IntPrj\Network Model.IntPrjfolder\Network Data.IntPrjfolder\NORTE 138 kV.ElmNet\Planta_Pimental IV.ElmComp\UNITROL 1000.ElmComp\10_PQ Limiter.ElmDsl,pql_PQ Limiter,array_Q_P,param,0,1,0
UNITROL 1000,11_Stator Current Limiter,\VM-PF.IntUser\PDD 30-09-2025.IntPrj\Network Model.IntPrjfolder\Network Data.IntPrjfolder\NORTE 138 kV.ElmNet\Planta_Pimental IV.ElmComp\UNITROL 1000.ElmComp\11_Stator Current Limiter.ElmDsl,iml_Stator Current Limiter,array_T_Im,param,0,1,0
UNITROL 1000,13_Maximum Exc. Current Limiter,\VM-PF.IntUser\PDD 30-09-2025.IntPrj\Network Model.IntPrjfolder\Network Data.IntPrjfolder\NORTE 138 kV.ElmNet\Planta_Pimental IV.ElmComp\UNITROL 1000.ElmComp\13_Maximum Exc. Current Limiter.ElmDsl,ieh_IeMax Limiter,array_TIe,param,0,1,0
UNITROL 1000,13_Maximum Exc. Current Limiter,\VM-PF.IntUser\PDD 30-09-2025.IntPrj\Network Model.IntPrjfolder\Network Data.IntPrjfolder\NORTE 138 kV.ElmNet\Planta_Pimental IV.ElmComp\UNITROL 1000.ElmComp\13_Maximum Exc. Current Limiter.ElmDsl,ieh_IeMax Limiter,array_IeVfd,param,0,1,0
Planta_Lucila,Q_Control,\VM-PF.IntUser\PDD 30-09-2025.IntPrj\Network Model.IntPrjfolder\Network Data.IntPrjfolder\SUR 69 kV.ElmNet\Lucila.ElmSite\Planta_Lucila.ElmComp\Q_Control.ElmDsl,ReactPow_Control,array_PFP,param,0,1,0
Planta_Lucila,Q_Control,\VM-PF.IntUser\PDD 30-09-2025.IntPrj\Network Model.IntPrjfolder\Network Data.IntPrjfolder\SUR 69 kV.ElmNet\Lucila.ElmSite\Planta_Lucila.ElmComp\Q_Control.ElmDsl,ReactPow_Control,array_QU,param,0,1,0
Planta_Lucila,Protection,\VM-PF.IntUser\PDD 30-09-2025.IntPrj\Network Model.IntPrjfolder\Network Data.IntPrjfolder\SUR 69 kV.ElmNet\Lucila.ElmSite\Planta_Lucila.ElmComp\Protection.ElmDsl,Protection,array_LVRT,param,0,1,0
Planta_Lucila,Protection,\VM-PF.IntUser\PDD 30-09-2025.IntPrj\Network Model.IntPrjfolder\Network Data.IntPrjfolder\SUR 69 kV.ElmNet\Lucila.ElmSite\Planta_Lucila.ElmComp\Protection.ElmDsl,Protection,array_HVRT,param,0,1,0
Planta_Aguacate 2_PIPAC,pmu_Aguacate 2,\VM-PF.IntUser\PDD 30-09-2025.IntPrj\Network Model.IntPrjfolder\Network Data.IntPrjfolder\SUR 138 kV.ElmNet\Aguacate.ElmSite\Planta_Aguacate 2_PIPAC.ElmComp\pmu_Aguacate 2.ElmDsl,pmu_TrWHydroFrancis,array_ytat,param,0,0,0
Planta_Aguacate 1_PIPAC,pmu_Aguacate 1,\VM-PF.IntUser\PDD 30-09-2025.IntPrj\Network Model.IntPrjfolder\Network Data.IntPrjfolder\SUR 138 kV.ElmNet\Aguacate.ElmSite\Planta_Aguacate 1_PIPAC.ElmComp\pmu_Aguacate 1.ElmDsl,pmu_TrWHydroFrancis,array_ytat,param,0,0,0
Planta_Palomino 1_PIPAC,pmu_Palomino 1,\VM-PF.IntUser\PDD 30-09-2025.IntPrj\Network Model.IntPrjfolder\Network Data.IntPrjfolder\SUR 138 kV.ElmNet\Palomino.ElmSite\Planta_Palomino 1_PIPAC.ElmComp\pmu_Palomino 1.ElmDsl,pmu_TrWHydroFrancis,array_ytat,param,0,0,0
Planta_Palomino 2_PIPAC,pmu_Palomino 2,\VM-PF.IntUser\PDD 30-09-2025.IntPrj\Network Model.IntPrjfolder\Network Data.IntPrjfolder\SUR 138 kV.ElmNet\Palomino.ElmSite\Planta_Palomino 2_PIPAC.ElmComp\pmu_Palomino 2.ElmDsl,pmu_TrWHydroFrancis,array_ytat,param,0,0,0
BASLER DECS-200,UEmin Lim,\VM-PF.IntUser\PDD 30-09-2025.IntPrj\Network Model.IntPrjfolder\Network Data.IntPrjfolder\SUR 138 kV.ElmNet\POWERSHIP AZUA KPS 26.ElmSite\Planta_POWERSHIP AZUA KPS26 1.ElmComp\BASLER DECS-200.ElmComp\UEmin Lim.ElmDsl,uel_Under Excitation Limiter,array_UEL_PQ,param,0,1,0
MAN 18V/51/60DDF,Engine,\VM-PF.IntUser\PDD 30-09-2025.IntPrj\Network Model.IntPrjfolder\Network Data.IntPrjfolder\SUR 138 kV.ElmNet\POWERSHIP AZUA KPS 26.ElmSite\Planta_POWERSHIP AZUA KPS26 1.ElmComp\MAN 18V/51/60DDF.ElmComp\Engine.ElmDsl,eng_MAN Diesel Engine_v2,oarray_NRGM,IntMat:NRGM,12,1,1
MAN 18V/51/60DDF,Governor,\VM-PF.IntUser\PDD 30-09-2025.IntPrj\Network Model.IntPrjfolder\Network Data.IntPrjfolder\SUR 138 kV.ElmNet\POWERSHIP AZUA KPS 26.ElmSite\Planta_POWERSHIP AZUA KPS26 1.ElmComp\MAN 18V/51/60DDF.ElmComp\Governor.ElmDsl,gov_MAN Governor/Actuator_v3,oarray_Ptable,IntMat:Ptable,20,1,1
MAN 18V/51/60DDF,Governor,\VM-PF.IntUser\PDD 30-09-2025.IntPrj\Network Model.IntPrjfolder\Network Data.IntPrjfolder\SUR 138 kV.ElmNet\POWERSHIP AZUA KPS 26.ElmSite\Planta_POWERSHIP AZUA KPS26 1.ElmComp\MAN 18V/51/60DDF.ElmComp\Governor.ElmDsl,gov_MAN Governor/Actuator_v3,oarray_Itable,IntMat:Itable,20,1,1
MAN 18V/51/60DDF,Governor,\VM-PF.IntUser\PDD 30-09-2025.IntPrj\Network Model.IntPrjfolder\Network Data.IntPrjfolder\SUR 138 kV.ElmNet\POWERSHIP AZUA KPS 26.ElmSite\Planta_POWERSHIP AZUA KPS26 1.ElmComp\MAN 18V/51/60DDF.ElmComp\Governor.ElmDsl,gov_MAN Governor/Actuator_v3,oarray_NRGME,IntMat:NRGME,42,1,1
MAN 18V/51/60DDF,Governor,\VM-PF.IntUser\PDD 30-09-2025.IntPrj\Network Model.IntPrjfolder\Network Data.IntPrjfolder\SUR 138 kV.ElmNet\POWERSHIP AZUA KPS 26.ElmSite\Planta_POWERSHIP AZUA KPS26 1.ElmComp\MAN 18V/51/60DDF.ElmComp\Governor.ElmDsl,gov_MAN Governor/Actuator_v3,oarray_deltaME,IntMat:deltaME,42,1,1
BASLER DECS-200,UEmin Lim,\VM-PF.IntUser\PDD 30-09-2025.IntPrj\Network Model.IntPrjfolder\Network Data.IntPrjfolder\SUR 138 kV.ElmNet\POWERSHIP AZUA KPS 26.ElmSite\Planta_POWERSHIP AZUA KPS26 2.ElmComp\BASLER DECS-200.ElmComp\UEmin Lim.ElmDsl,uel_Under Excitation Limiter,array_UEL_PQ,param,0,1,0
MAN 18V/51/60DDF,Engine,\VM-PF.IntUser\PDD 30-09-2025.IntPrj\Network Model.IntPrjfolder\Network Data.IntPrjfolder\SUR 138 kV.ElmNet\POWERSHIP AZUA KPS 26.ElmSite\Planta_POWERSHIP AZUA KPS26 2.ElmComp\MAN 18V/51/60DDF.ElmComp\Engine.ElmDsl,eng_MAN Diesel Engine_v2,oarray_NRGM,IntMat:NRGM,12,1,1
MAN 18V/51/60DDF,Governor,\VM-PF.IntUser\PDD 30-09-2025.IntPrj\Network Model.IntPrjfolder\Network Data.IntPrjfolder\SUR 138 kV.ElmNet\POWERSHIP AZUA KPS 26.ElmSite\Planta_POWERSHIP AZUA KPS26 2.ElmComp\MAN 18V/51/60DDF.ElmComp\Governor.ElmDsl,gov_MAN Governor/Actuator_v3,oarray_Ptable,IntMat:Ptable,20,1,1
MAN 18V/51/60DDF,Governor,\VM-PF.IntUser\PDD 30-09-2025.IntPrj\Network Model.IntPrjfolder\Network Data.IntPrjfolder\SUR 138 kV.ElmNet\POWERSHIP AZUA KPS 26.ElmSite\Planta_POWERSHIP AZUA KPS26 2.ElmComp\MAN 18V/51/60DDF.ElmComp\Governor.ElmDsl,gov_MAN Governor/Actuator_v3,oarray_Itable,IntMat:Itable,20,1,1
MAN 18V/51/60DDF,Governor,\VM-PF.IntUser\PDD 30-09-2025.IntPrj\Network Model.IntPrjfolder\Network Data.IntPrjfolder\SUR 138 kV.ElmNet\POWERSHIP AZUA KPS 26.ElmSite\Planta_POWERSHIP AZUA KPS26 2.ElmComp\MAN 18V/51/60DDF.ElmComp\Governor.ElmDsl,gov_MAN Governor/Actuator_v3,oarray_NRGME,IntMat:NRGME,42,1,1
MAN 18V/51/60DDF,Governor,\VM-PF.IntUser\PDD 30-09-2025.IntPrj\Network Model.IntPrjfolder\Network Data.IntPrjfolder\SUR 138 kV.ElmNet\POWERSHIP AZUA KPS 26.ElmSite\Planta_POWERSHIP AZUA KPS26 2.ElmComp\MAN 18V/51/60DDF.ElmComp\Governor.ElmDsl,gov_MAN Governor/Actuator_v3,oarray_deltaME,IntMat:deltaME,42,1,1
UNITROL 1000 revQ,10_PQ Limiter,\VM-PF.IntUser\PDD 30-09-2025.IntPrj\Network Model.IntPrjfolder\Network Data.IntPrjfolder\SUR 138 kV.ElmNet\POWERSHIP AZUA KPS 60.ElmSite\Planta_POWERSHIP AZUA KPS 60.ElmComp\UNITROL 1000 revQ.ElmComp\10_PQ Limiter.ElmDsl,pql_PQ Limiter,array_Q_P,param,0,1,0
UNITROL 1000 revQ,11_Stator Current Limiter,\VM-PF.IntUser\PDD 30-09-2025.IntPrj\Network Model.IntPrjfolder\Network Data.IntPrjfolder\SUR 138 kV.ElmNet\POWERSHIP AZUA KPS 60.ElmSite\Planta_POWERSHIP AZUA KPS 60.ElmComp\UNITROL 1000 revQ.ElmComp\11_Stator Current Limiter.ElmDsl,iml_Stator Current Limiter,array_T_Im,param,0,1,0
UNITROL 1000 revQ,13_Maximum Exc. Current Limiter,\VM-PF.IntUser\PDD 30-09-2025.IntPrj\Network Model.IntPrjfolder\Network Data.IntPrjfolder\SUR 138 kV.ElmNet\POWERSHIP AZUA KPS 60.ElmSite\Planta_POWERSHIP AZUA KPS 60.ElmComp\UNITROL 1000 revQ.ElmComp\13_Maximum Exc. Current Limiter.ElmDsl,ieh_IeMax Limiter,array_TIe,param,0,1,0
UNITROL 1000 revQ,13_Maximum Exc. Current Limiter,\VM-PF.IntUser\PDD 30-09-2025.IntPrj\Network Model.IntPrjfolder\Network Data.IntPrjfolder\SUR 138 kV.ElmNet\POWERSHIP AZUA KPS 60.ElmSite\Planta_POWERSHIP AZUA KPS 60.ElmComp\UNITROL 1000 revQ.ElmComp\13_Maximum Exc. Current Limiter.ElmDsl,ieh_IeMax Limiter,array_IeVfd,param,0,1,0
MAN 18V/51/60DDF,Engine,\VM-PF.IntUser\PDD 30-09-2025.IntPrj\Network Model.IntPrjfolder\Network Data.IntPrjfolder\SUR 138 kV.ElmNet\POWERSHIP AZUA KPS 60.ElmSite\Planta_POWERSHIP AZUA KPS 60.ElmComp\MAN 18V/51/60DDF.ElmComp\Engine.ElmDsl,eng_MAN Diesel Engine_v2,oarray_NRGM,IntMat:NRGM,12,1,1
MAN 18V/51/60DDF,Governor,\VM-PF.IntUser\PDD 30-09-2025.IntPrj\Network Model.IntPrjfolder\Network Data.IntPrjfolder\SUR 138 kV.ElmNet\POWERSHIP AZUA KPS 60.ElmSite\Planta_POWERSHIP AZUA KPS 60.ElmComp\MAN 18V/51/60DDF.ElmComp\Governor.ElmDsl,gov_MAN Governor/Actuator_v3,oarray_Ptable,IntMat:Ptable,20,1,1
MAN 18V/51/60DDF,Governor,\VM-PF.IntUser\PDD 30-09-2025.IntPrj\Network Model.IntPrjfolder\Network Data.IntPrjfolder\SUR 138 kV.ElmNet\POWERSHIP AZUA KPS 60.ElmSite\Planta_POWERSHIP AZUA KPS 60.ElmComp\MAN 18V/51/60DDF.ElmComp\Governor.ElmDsl,gov_MAN Governor/Actuator_v3,oarray_Itable,IntMat:Itable,20,1,1
MAN 18V/51/60DDF,Governor,\VM-PF.IntUser\PDD 30-09-2025.IntPrj\Network Model.IntPrjfolder\Network Data.IntPrjfolder\SUR 138 kV.ElmNet\POWERSHIP AZUA KPS 60.ElmSite\Planta_POWERSHIP AZUA KPS 60.ElmComp\MAN 18V/51/60DDF.ElmComp\Governor.ElmDsl,gov_MAN Governor/Actuator_v3,oarray_NRGME,IntMat:NRGME,42,1,1
MAN 18V/51/60DDF,Governor,\VM-PF.IntUser\PDD 30-09-2025.IntPrj\Network Model.IntPrjfolder\Network Data.IntPrjfolder\SUR 138 kV.ElmNet\POWERSHIP AZUA KPS 60.ElmSite\Planta_POWERSHIP AZUA KPS 60.ElmComp\MAN 18V/51/60DDF.ElmComp\Governor.ElmDsl,gov_MAN Governor/Actuator_v3,oarray_deltaME,IntMat:deltaME,42,1,1
Planta_Bayasol,WD3ModuleControl,\VM-PF.IntUser\PDD 30-09-2025.IntPrj\Network Model.IntPrjfolder\Network Data.IntPrjfolder\SUR 138 kV.ElmNet\Bayasol.ElmSite\Planta_Bayasol.ElmComp\WD3ModuleControl.ElmDsl,WD3ModuleControl,array_DeratingTemp,param,0,1,0
Planta_Bayasol,WD3ModuleControl,\VM-PF.IntUser\PDD 30-09-2025.IntPrj\Network Model.IntPrjfolder\Network Data.IntPrjfolder\SUR 138 kV.ElmNet\Bayasol.ElmSite\Planta_Bayasol.ElmComp\WD3ModuleControl.ElmDsl,WD3ModuleControl,array_DeratingVDC,param,0,1,0
Planta_Bayasol,WD3ModuleControl,\VM-PF.IntUser\PDD 30-09-2025.IntPrj\Network Model.IntPrjfolder\Network Data.IntPrjfolder\SUR 138 kV.ElmNet\Bayasol.ElmSite\Planta_Bayasol.ElmComp\WD3ModuleControl.ElmDsl,WD3ModuleControl,array_Vrt_DipProfile,param,0,1,0
Planta_Bayasol,WD3ModuleControl,\VM-PF.IntUser\PDD 30-09-2025.IntPrj\Network Model.IntPrjfolder\Network Data.IntPrjfolder\SUR 138 kV.ElmNet\Bayasol.ElmSite\Planta_Bayasol.ElmComp\WD3ModuleControl.ElmDsl,WD3ModuleControl,array_Vrt_SwellProfile,param,0,1,0
Planta_Bayasol,WD3ModuleControl,\VM-PF.IntUser\PDD 30-09-2025.IntPrj\Network Model.IntPrjfolder\Network Data.IntPrjfolder\SUR 138 kV.ElmNet\Bayasol.ElmSite\Planta_Bayasol.ElmComp\WD3ModuleControl.ElmDsl,WD3ModuleControl,array_Vrt_UDeltaIq,param,0,1,0
Planta_Bayasol,WD3ModuleControl,\VM-PF.IntUser\PDD 30-09-2025.IntPrj\Network Model.IntPrjfolder\Network Data.IntPrjfolder\SUR 138 kV.ElmNet\Bayasol.ElmSite\Planta_Bayasol.ElmComp\WD3ModuleControl.ElmDsl,WD3ModuleControl,array_level1_OV_time,param,0,1,0
Planta_Bayasol,WD3ModuleControl,\VM-PF.IntUser\PDD 30-09-2025.IntPrj\Network Model.IntPrjfolder\Network Data.IntPrjfolder\SUR 138 kV.ElmNet\Bayasol.ElmSite\Planta_Bayasol.ElmComp\WD3ModuleControl.ElmDsl,WD3ModuleControl,array_level2_UV_time,param,0,1,0
Planta_Bayasol,WD3ModuleControl,\VM-PF.IntUser\PDD 30-09-2025.IntPrj\Network Model.IntPrjfolder\Network Data.IntPrjfolder\SUR 138 kV.ElmNet\Bayasol.ElmSite\Planta_Bayasol.ElmComp\WD3ModuleControl.ElmDsl,WD3ModuleControl,array_level3_OF_time,param,0,1,0
Planta_Bayasol,WD3ModuleControl,\VM-PF.IntUser\PDD 30-09-2025.IntPrj\Network Model.IntPrjfolder\Network Data.IntPrjfolder\SUR 138 kV.ElmNet\Bayasol.ElmSite\Planta_Bayasol.ElmComp\WD3ModuleControl.ElmDsl,WD3ModuleControl,array_level4_UF_time,param,0,1,0
Planta_Bayasol,WD3ModuleControl,\VM-PF.IntUser\PDD 30-09-2025.IntPrj\Network Model.IntPrjfolder\Network Data.IntPrjfolder\SUR 138 kV.ElmNet\Bayasol.ElmSite\Planta_Bayasol.ElmComp\WD3ModuleControl.ElmDsl,WD3ModuleControl,array_level5_OC_time,param,0,1,0
Planta_Bayasol,WD3ModuleControl,\VM-PF.IntUser\PDD 30-09-2025.IntPrj\Network Model.IntPrjfolder\Network Data.IntPrjfolder\SUR 138 kV.ElmNet\Bayasol.ElmSite\Planta_Bayasol.ElmComp\WD3ModuleControl.ElmDsl,WD3ModuleControl,array_level6_OVNEG_time,param,0,1,0
Planta_Bayasol,WD3ModuleControl,\VM-PF.IntUser\PDD 30-09-2025.IntPrj\Network Model.IntPrjfolder\Network Data.IntPrjfolder\SUR 138 kV.ElmNet\Bayasol.ElmSite\Planta_Bayasol.ElmComp\WD3ModuleControl.ElmDsl,WD3ModuleControl,array_level7_OCNEG_time,param,0,1,0
Planta_PS Los Negros,Q_Control,\VM-PF.IntUser\PDD 30-09-2025.IntPrj\Network Model.IntPrjfolder\Network Data.IntPrjfolder\SUR 138 kV.ElmNet\Planta_PS Los Negros.ElmComp\Q_Control.ElmDsl,ReactPow_Control,array_PFP,param,0,1,0
Planta_PS Los Negros,Q_Control,\VM-PF.IntUser\PDD 30-09-2025.IntPrj\Network Model.IntPrjfolder\Network Data.IntPrjfolder\SUR 138 kV.ElmNet\Planta_PS Los Negros.ElmComp\Q_Control.ElmDsl,ReactPow_Control,array_QU,param,0,1,0
Planta_PS Los Negros,Protection,\VM-PF.IntUser\PDD 30-09-2025.IntPrj\Network Model.IntPrjfolder\Network Data.IntPrjfolder\SUR 138 kV.ElmNet\Planta_PS Los Negros.ElmComp\Protection.ElmDsl,Protection,array_LVRT,param,0,1,0
Planta_PS Los Negros,Protection,\VM-PF.IntUser\PDD 30-09-2025.IntPrj\Network Model.IntPrjfolder\Network Data.IntPrjfolder\SUR 138 kV.ElmNet\Planta_PS Los Negros.ElmComp\Protection.ElmDsl,Protection,array_HVRT,param,0,1,0
Planta_PE Matafongo,Generator Set Type 3B,\VM-PF.IntUser\PDD 30-09-2025.IntPrj\Network Model.IntPrjfolder\Network Data.IntPrjfolder\SUR 138 kV.ElmNet\Planta_PE Matafongo.ElmComp\Generator Set Type 3B.ElmDsl,Generator Set Type 3B,array_duTCRB,param,0,0,0
Planta_PE Matafongo,P Control Type 3,\VM-PF.IntUser\PDD 30-09-2025.IntPrj\Network Model.IntPrjfolder\Network Data.IntPrjfolder\SUR 138 kV.ElmNet\Planta_PE Matafongo.ElmComp\P Control Type 3.ElmDsl,P Control Type 3,oarray_wp,IntMat:wp,12,0,1
Planta_PE Matafongo,Current Limitation,\VM-PF.IntUser\PDD 30-09-2025.IntPrj\Network Model.IntPrjfolder\Network Data.IntPrjfolder\SUR 138 kV.ElmNet\Planta_PE Matafongo.ElmComp\Current Limitation.ElmDsl,Current Limitation,oarray_ipmaxuWT,IntMat:ipmaxuWT,12,0,1
Planta_PE Matafongo,Current Limitation,\VM-PF.IntUser\PDD 30-09-2025.IntPrj\Network Model.IntPrjfolder\Network Data.IntPrjfolder\SUR 138 kV.ElmNet\Planta_PE Matafongo.ElmComp\Current Limitation.ElmDsl,Current Limitation,oarray_iqmaxuWT,IntMat:iqmaxuWT,12,0,1
Planta_PE Matafongo,QP and QU Limitation,\VM-PF.IntUser\PDD 30-09-2025.IntPrj\Network Model.IntPrjfolder\Network Data.IntPrjfolder\SUR 138 kV.ElmNet\Planta_PE Matafongo.ElmComp\QP and QU Limitation.ElmDsl,Q Limitation - QP and QU,oarray_qmaxpp,IntMat:qmaxpp,8,0,1
Planta_PE Matafongo,QP and QU Limitation,\VM-PF.IntUser\PDD 30-09-2025.IntPrj\Network Model.IntPrjfolder\Network Data.IntPrjfolder\SUR 138 kV.ElmNet\Planta_PE Matafongo.ElmComp\QP and QU Limitation.ElmDsl,Q Limitation - QP and QU,oarray_qminpp,IntMat:qminpp,8,0,1
Planta_PE Matafongo,QP and QU Limitation,\VM-PF.IntUser\PDD 30-09-2025.IntPrj\Network Model.IntPrjfolder\Network Data.IntPrjfolder\SUR 138 kV.ElmNet\Planta_PE Matafongo.ElmComp\QP and QU Limitation.ElmDsl,Q Limitation - QP and QU,oarray_qmaxuu,IntMat:qmaxuu,14,0,1
Planta_PE Matafongo,QP and QU Limitation,\VM-PF.IntUser\PDD 30-09-2025.IntPrj\Network Model.IntPrjfolder\Network Data.IntPrjfolder\SUR 138 kV.ElmNet\Planta_PE Matafongo.ElmComp\QP and QU Limitation.ElmDsl,Q Limitation - QP and QU,oarray_qminuu,IntMat:qminuu,14,0,1
Planta_PE Matafongo,Grid Protection,\VM-PF.IntUser\PDD 30-09-2025.IntPrj\Network Model.IntPrjfolder\Network Data.IntPrjfolder\SUR 138 kV.ElmNet\Planta_PE Matafongo.ElmComp\Grid Protection.ElmDsl,Protection,oarray_TuoveruWT,IntMat:TuoveruWT,16,0,1
Planta_PE Matafongo,Grid Protection,\VM-PF.IntUser\PDD 30-09-2025.IntPrj\Network Model.IntPrjfolder\Network Data.IntPrjfolder\SUR 138 kV.ElmNet\Planta_PE Matafongo.ElmComp\Grid Protection.ElmDsl,Protection,oarray_TuunderuWT,IntMat:TuunderuWT,14,0,1
Planta_PE Matafongo,Grid Protection,\VM-PF.IntUser\PDD 30-09-2025.IntPrj\Network Model.IntPrjfolder\Network Data.IntPrjfolder\SUR 138 kV.ElmNet\Planta_PE Matafongo.ElmComp\Grid Protection.ElmDsl,Protection,oarray_TfoverfWT,IntMat:TfoverfWT,8,0,1
Planta_PE Matafongo,Grid Protection,\VM-PF.IntUser\PDD 30-09-2025.IntPrj\Network Model.IntPrjfolder\Network Data.IntPrjfolder\SUR 138 kV.ElmNet\Planta_PE Matafongo.ElmComp\Grid Protection.ElmDsl,Protection,oarray_TfunderfWT,IntMat:TfunderfWT,8,0,1
Planta_PE Matafongo 2,Generator Set Type 3B,\VM-PF.IntUser\PDD 30-09-2025.IntPrj\Network Model.IntPrjfolder\Network Data.IntPrjfolder\SUR 138 kV.ElmNet\Planta_PE Matafongo 2.ElmComp\Generator Set Type 3B.ElmDsl,Generator Set Type 3B,array_duTCRB,param,0,0,0
Planta_PE Matafongo 2,P Control Type 3,\VM-PF.IntUser\PDD 30-09-2025.IntPrj\Network Model.IntPrjfolder\Network Data.IntPrjfolder\SUR 138 kV.ElmNet\Planta_PE Matafongo 2.ElmComp\P Control Type 3.ElmDsl,P Control Type 3,oarray_wp,IntMat:wp,12,0,1
Planta_PE Matafongo 2,Current Limitation,\VM-PF.IntUser\PDD 30-09-2025.IntPrj\Network Model.IntPrjfolder\Network Data.IntPrjfolder\SUR 138 kV.ElmNet\Planta_PE Matafongo 2.ElmComp\Current Limitation.ElmDsl,Current Limitation,oarray_ipmaxuWT,IntMat:ipmaxuWT,12,0,1
Planta_PE Matafongo 2,Current Limitation,\VM-PF.IntUser\PDD 30-09-2025.IntPrj\Network Model.IntPrjfolder\Network Data.IntPrjfolder\SUR 138 kV.ElmNet\Planta_PE Matafongo 2.ElmComp\Current Limitation.ElmDsl,Current Limitation,oarray_iqmaxuWT,IntMat:iqmaxuWT,12,0,1
Planta_PE Matafongo 2,QP and QU Limitation,\VM-PF.IntUser\PDD 30-09-2025.IntPrj\Network Model.IntPrjfolder\Network Data.IntPrjfolder\SUR 138 kV.ElmNet\Planta_PE Matafongo 2.ElmComp\QP and QU Limitation.ElmDsl,Q Limitation - QP and QU,oarray_qmaxpp,IntMat:qmaxpp,8,0,1
Planta_PE Matafongo 2,QP and QU Limitation,\VM-PF.IntUser\PDD 30-09-2025.IntPrj\Network Model.IntPrjfolder\Network Data.IntPrjfolder\SUR 138 kV.ElmNet\Planta_PE Matafongo 2.ElmComp\QP and QU Limitation.ElmDsl,Q Limitation - QP and QU,oarray_qminpp,IntMat:qminpp,8,0,1
Planta_PE Matafongo 2,QP and QU Limitation,\VM-PF.IntUser\PDD 30-09-2025.IntPrj\Network Model.IntPrjfolder\Network Data.IntPrjfolder\SUR 138 kV.ElmNet\Planta_PE Matafongo 2.ElmComp\QP and QU Limitation.ElmDsl,Q Limitation - QP and QU,oarray_qmaxuu,IntMat:qmaxuu,14,0,1
Planta_PE Matafongo 2,QP and QU Limitation,\VM-PF.IntUser\PDD 30-09-2025.IntPrj\Network Model.IntPrjfolder\Network Data.IntPrjfolder\SUR 138 kV.ElmNet\Planta_PE Matafongo 2.ElmComp\QP and QU Limitation.ElmDsl,Q Limitation - QP and QU,oarray_qminuu,IntMat:qminuu,14,0,1
Planta_PE Matafongo 2,Grid Protection,\VM-PF.IntUser\PDD 30-09-2025.IntPrj\Network Model.IntPrjfolder\Network Data.IntPrjfolder\SUR 138 kV.ElmNet\Planta_PE Matafongo 2.ElmComp\Grid Protection.ElmDsl,Protection,oarray_TuoveruWT,IntMat:TuoveruWT,16,0,1
Planta_PE Matafongo 2,Grid Protection,\VM-PF.IntUser\PDD 30-09-2025.IntPrj\Network Model.IntPrjfolder\Network Data.IntPrjfolder\SUR 138 kV.ElmNet\Planta_PE Matafongo 2.ElmComp\Grid Protection.ElmDsl,Protection,oarray_TuunderuWT,IntMat:TuunderuWT,14,0,1
Planta_PE Matafongo 2,Grid Protection,\VM-PF.IntUser\PDD 30-09-2025.IntPrj\Network Model.IntPrjfolder\Network Data.IntPrjfolder\SUR 138 kV.ElmNet\Planta_PE Matafongo 2.ElmComp\Grid Protection.ElmDsl,Protection,oarray_TfoverfWT,IntMat:TfoverfWT,8,0,1
Planta_PE Matafongo 2,Grid Protection,\VM-PF.IntUser\PDD 30-09-2025.IntPrj\Network Model.IntPrjfolder\Network Data.IntPrjfolder\SUR 138 kV.ElmNet\Planta_PE Matafongo 2.ElmComp\Grid Protection.ElmDsl,Protection,oarray_TfunderfWT,IntMat:TfunderfWT,8,0,1
PF Washington Capital 2(1),Q_Control,\VM-PF.IntUser\PDD 30-09-2025.IntPrj\Network Model.IntPrjfolder\Network Data.IntPrjfolder\CENTRAL 138 kV.ElmNet\Mata de Palma 2.ElmSite\PF Washington Capital 2(1).ElmComp\Q_Control.ElmDsl,ReactPow_Control,array_PFP,param,0,1,0
PF Washington Capital 2(1),Q_Control,\VM-PF.IntUser\PDD 30-09-2025.IntPrj\Network Model.IntPrjfolder\Network Data.IntPrjfolder\CENTRAL 138 kV.ElmNet\Mata de Palma 2.ElmSite\PF Washington Capital 2(1).ElmComp\Q_Control.ElmDsl,ReactPow_Control,array_QU,param,0,1,0
PF Washington Capital 2(1),Protection,\VM-PF.IntUser\PDD 30-09-2025.IntPrj\Network Model.IntPrjfolder\Network Data.IntPrjfolder\CENTRAL 138 kV.ElmNet\Mata de Palma 2.ElmSite\PF Washington Capital 2(1).ElmComp\Protection.ElmDsl,Protection,array_LVRT,param,0,1,0
PF Washington Capital 2(1),Protection,\VM-PF.IntUser\PDD 30-09-2025.IntPrj\Network Model.IntPrjfolder\Network Data.IntPrjfolder\CENTRAL 138 kV.ElmNet\Mata de Palma 2.ElmSite\PF Washington Capital 2(1).ElmComp\Protection.ElmDsl,Protection,array_HVRT,param,0,1,0
Planta_PF Washington Capital 3,Q_Control,\VM-PF.IntUser\PDD 30-09-2025.IntPrj\Network Model.IntPrjfolder\Network Data.IntPrjfolder\CENTRAL 138 kV.ElmNet\Mata de Palma 2.ElmSite\Planta_PF Washington Capital 3.ElmComp\Q_Control.ElmDsl,ReactPow_Control,array_PFP,param,0,1,0
Planta_PF Washington Capital 3,Q_Control,\VM-PF.IntUser\PDD 30-09-2025.IntPrj\Network Model.IntPrjfolder\Network Data.IntPrjfolder\CENTRAL 138 kV.ElmNet\Mata de Palma 2.ElmSite\Planta_PF Washington Capital 3.ElmComp\Q_Control.ElmDsl,ReactPow_Control,array_QU,param,0,1,0
Planta_PF Washington Capital 3,Protection,\VM-PF.IntUser\PDD 30-09-2025.IntPrj\Network Model.IntPrjfolder\Network Data.IntPrjfolder\CENTRAL 138 kV.ElmNet\Mata de Palma 2.ElmSite\Planta_PF Washington Capital 3.ElmComp\Protection.ElmDsl,Protection,array_LVRT,param,0,1,0
Planta_PF Washington Capital 3,Protection,\VM-PF.IntUser\PDD 30-09-2025.IntPrj\Network Model.IntPrjfolder\Network Data.IntPrjfolder\CENTRAL 138 kV.ElmNet\Mata de Palma 2.ElmSite\Planta_PF Washington Capital 3.ElmComp\Protection.ElmDsl,Protection,array_HVRT,param,0,1,0
Planta_PF La Victoria,Q_Control,\VM-PF.IntUser\PDD 30-09-2025.IntPrj\Network Model.IntPrjfolder\Network Data.IntPrjfolder\CENTRAL 138 kV.ElmNet\La Victoria.ElmSite\Planta_PF La Victoria.ElmComp\Q_Control.ElmDsl,ReactPow_Control,array_PFP,param,0,1,0
Planta_PF La Victoria,Q_Control,\VM-PF.IntUser\PDD 30-09-2025.IntPrj\Network Model.IntPrjfolder\Network Data.IntPrjfolder\CENTRAL 138 kV.ElmNet\La Victoria.ElmSite\Planta_PF La Victoria.ElmComp\Q_Control.ElmDsl,ReactPow_Control,array_QU,param,0,1,0
Planta_PF La Victoria,Protection,\VM-PF.IntUser\PDD 30-09-2025.IntPrj\Network Model.IntPrjfolder\Network Data.IntPrjfolder\CENTRAL 138 kV.ElmNet\La Victoria.ElmSite\Planta_PF La Victoria.ElmComp\Protection.ElmDsl,Protection,array_LVRT,param,0,1,0
Planta_PF La Victoria,Protection,\VM-PF.IntUser\PDD 30-09-2025.IntPrj\Network Model.IntPrjfolder\Network Data.IntPrjfolder\CENTRAL 138 kV.ElmNet\La Victoria.ElmSite\Planta_PF La Victoria.ElmComp\Protection.ElmDsl,Protection,array_HVRT,param,0,1,0
Planta_Pinalito 1_PIPAC,pmu_Pinalito 1,\VM-PF.IntUser\PDD 30-09-2025.IntPrj\Network Model.IntPrjfolder\Network Data.IntPrjfolder\NORTE 69 kV.ElmNet\Pinalito.ElmSite\Planta_Pinalito 1_PIPAC.ElmComp\pmu_Pinalito 1.ElmDsl,pmu_TrWHydroFrancis,array_ytat,param,0,0,0
Planta_Pinalito 2_PIPAC,pmu_Pinalito 2,\VM-PF.IntUser\PDD 30-09-2025.IntPrj\Network Model.IntPrjfolder\Network Data.IntPrjfolder\NORTE 69 kV.ElmNet\Pinalito.ElmSite\Planta_Pinalito 2_PIPAC.ElmComp\pmu_Pinalito 2.ElmDsl,pmu_TrWHydroFrancis,array_ytat,param,0,0,0
Planta_Río Blanco 1_PIPAC,pco_Río Blanco 1,\VM-PF.IntUser\PDD 30-09-2025.IntPrj\Network Model.IntPrjfolder\Network Data.IntPrjfolder\NORTE 69 kV.ElmNet\Río Blanco.ElmSite\Planta_Río Blanco 1_PIPAC.ElmComp\pco_Río Blanco 1.ElmDsl,NEYPRIC 1500,array_vchar,param,0,0,0
Planta_Río Blanco 1_PIPAC,pmu_Río Blanco 1,\VM-PF.IntUser\PDD 30-09-2025.IntPrj\Network Model.IntPrjfolder\Network Data.IntPrjfolder\NORTE 69 kV.ElmNet\Río Blanco.ElmSite\Planta_Río Blanco 1_PIPAC.ElmComp\pmu_Río Blanco 1.ElmDsl,pmu_TrWHydroFrancis,array_ytat,param,0,0,0
Planta_Río Blanco 2_PIPAC,pco_Río Blanco 2,\VM-PF.IntUser\PDD 30-09-2025.IntPrj\Network Model.IntPrjfolder\Network Data.IntPrjfolder\NORTE 69 kV.ElmNet\Río Blanco.ElmSite\Planta_Río Blanco 2_PIPAC.ElmComp\pco_Río Blanco 2.ElmDsl,NEYPRIC 1500,array_vchar,param,0,0,0
Planta_Río Blanco 2_PIPAC,pmu_Río Blanco 2,\VM-PF.IntUser\PDD 30-09-2025.IntPrj\Network Model.IntPrjfolder\Network Data.IntPrjfolder\NORTE 69 kV.ElmNet\Río Blanco.ElmSite\Planta_Río Blanco 2_PIPAC.ElmComp\pmu_Río Blanco 2.ElmDsl,pmu_TrWHydroFrancis,array_ytat,param,0,0,0
