for_name,loc_name,area,P_desp_MW,Pmin_MW,Pmax_MW,num_unidades,sgn_MVA,tiene_gobernador,gov_modelo,estatismo_droop,droop_param,margen_subida_MW,station_controller,ref_slack,outserv
G4PALAM3,Palamara Grupo 3,CENTRAL,1.8279000520706177,0.0,10.766400337219238,4,13.458000183105469,1,gov_DEGOV1,0.056,Droop,8.939,,0,0
G4PALAM2,Palamara Grupo 2,CENTRAL,10.766400337219238,0.0,10.766400337219238,2,13.458000183105469,1,gov_DEGOV1,0.06,Droop,0.0,,0,0
G4PALAM1,Palamara Grupo 1,CENTRAL,10.766400337219238,0.0,10.766400337219238,4,13.458000183105469,1,gov_DEGOV1,0.0593,Droop,0.0,,0,0
G4IKM22,INCA km 22 Grupo 1,CENTRAL,4.331200122833252,0.0,4.331200122833252,2,5.414000034332275,1,gov_DEGOV1,0.0581,Droop,0.0,,0,0
G5IKM22,INCA km 22 Grupo 2,CENTRAL,5.737599849700928,0.0,6.079999923706055,1,7.605000019073486,1,gov_DEGOV1,0.0581,Droop,0.342,,0,0
G5EMA3G1,EDM3 TG1,CENTRAL,48.0,0.0,50.959999084472656,1,63.70000076293945,1,gov_IEEE_GGOV1,0.05,R,2.96,69 kV Nodo Piloto Timbeque 2,0,0
G5EMA3G2,EDM3 TG2,CENTRAL,48.0,0.0,50.959999084472656,1,63.70000076293945,1,gov_IEEE_GGOV1,0.05,R,2.96,69 kV Nodo Piloto Timbeque 2,0,0
G5EMAR3V,EDM3 TV,CENTRAL,48.0,0.0,48.327999114990234,1,60.40999984741211,1,gov_IEEE_TGOV1,0.05,R,0.328,69 kV Nodo Piloto Timbeque 2,0,0
G4Q1SPED,Quisqueya 1 San Pedro,ESTE,16.487499237060547,0.0,17.076000213623047,4,21.344999313354492,1,gov_GGOV1,0.044,r,0.589,,0,0
G4QUIS12,Quisqueya 1 Grupo 2,ESTE,17.076000213623047,0.0,17.076000213623047,4,21.344999313354492,1,gov_GGOV1,0.044,r,0.0,230 kV Nodo Piloto Bonao 3,0,0
G4QUIS21,Quisqueya 2 Grupo 1,ESTE,17.076000213623047,0.0,17.076000213623047,4,21.344999313354492,1,gov_GGOV1,0.04,r,0.0,230 kV Nodo Piloto Bonao 3,0,0
G4QUIS22,Quisqueya 2 Grupo 2,ESTE,17.076000213623047,0.0,17.076000213623047,4,21.344999313354492,1,gov_GGOV1,0.04,r,0.0,230 kV Nodo Piloto Bonao 3,0,0
G4QUIS23,Quisqueya 2 Grupo 3,ESTE,11.267999649047852,0.0,17.076000213623047,4,21.344999313354492,1,gov_GGOV1,0.04,r,5.808,230 kV Nodo Piloto Bonao 3,0,0
G5QUISQ2,Quisqueya 2 TV,ESTE,1.000000013351432e-10,0.0,20.330400466918945,1,25.413000106811523,0,,,,20.33,230 kV Nodo Piloto Bonao 3,0,1
G4QUIS13,Quisqueya 1 Grupo 3,ESTE,17.076000213623047,0.0,17.076000213623047,4,21.344999313354492,1,gov_GGOV1,0.044,r,0.0,230 kV Nodo Piloto Bonao 3,0,0
G5QUISQ1,Quisqueya 1 TV,ESTE,8.892000198364258,0.0,20.330400466918945,1,25.413000106811523,0,,,,11.438,230 kV Nodo Piloto Bonao 3,0,0
G3PCATA1,Punta Catalina 1,SUR,339.989990234375,0.0,375.0,1,460.0,1,gov_IEEEG1,,,35.01,345 kV Nodo Piloto Julio Sauri,1,0
G3PCATA2,Punta Catalina 2,SUR,359.989990234375,0.0,375.0,1,460.0,1,gov_IEEEG1,,,15.01,345 kV Nodo Piloto Julio Sauri,0,0
G4SESTE3,Sultana del Este Grupo 3,ESTE,1.000000013351432e-10,0.0,17.0,3,21.344999313354492,1,gov_GGOV1,0.044,r,17.0,,0,1
G4SESTE1,Sultana del Este Grupo 1,ESTE,14.5,0.0,17.0,3,21.344999313354492,1,gov_GGOV1,0.07,r,2.5,138 kV Nodo SPM 2,0,0
G4SESTE2,Sultana del Este Grupo 2,ESTE,1.000000013351432e-10,0.0,17.0,4,21.344999313354492,1,gov_GGOV1,0.043,r,17.0,,0,1
G3CESPM3,CESPM 3,ESTE,87.30000305175781,0.0,100.30000305175781,1,118.0,1,gov_GAST,0.023367,R,13.0,138 kV Nodo SPM 2,0,0
G3CESPM2,CESPM 2,ESTE,87.30000305175781,0.0,100.30000305175781,1,118.0,1,gov_GAST,0.023367,R,13.0,138 kV Nodo SPM 2,0,0
G3CESPM1,CESPM 1,ESTE,87.30000305175781,0.0,100.30000305175781,1,118.0,1,gov_GAST,0.023367,R,13.0,138 kV Nodo SPM 2,0,0
G3ENE4TG,ENERGAS 4 TG,ESTE,40.0,0.0,88.05999755859375,1,103.5999984741211,1,gov_PSSE_GGOV1,0.04,R,48.06,,0,0
G3ENE4TV,ENERGAS 4 TV,ESTE,1.000000013351432e-10,0.0,46.79999923706055,1,55.058998107910156,1,gov_PSSE_IEEEG1,,,46.8,,0,1
G3BERSAL,Bersal,ESTE,1.909999966621399,0.0,6.400000095367432,4,7.875,1,gov_DEGOV1_BERSAL,0.0573,Droop,4.49,138 kV Nodo SPM 2,0,0
G4LOPPL1,Los Orígenes Power Plant Grupo 1,ESTE,2.130000114440918,0.0,8.432000160217285,3,10.548999786376953,1,gov_DEGOV1_LOPP,0.0595,Droop,6.302,138 kV Nodo SPM 2,0,0
G4LOPPL2,Los Orígenes Power Plant Grupo 2,ESTE,17.18000030517578,0.0,17.18000030517578,2,21.344999313354492,1,gov_GGOV1,0.044,r,0.0,138 kV Nodo SPM 2,0,0
G3SPBIOE,San Pedro Bio-Energy,ESTE,30.0,0.0,30.5,1,34.70000076293945,1,gov_IEEE_IEEEG1,,,0.5,138 kV Nodo SPM 2,0,0
G3CEMON2,Contra Embalse Monción 2,NORTE,0.75,0.0,1.440000057220459,1,1.7999999523162842,0,,,,0.69,,0,0
G3CEMON1,Contra Embalse Monción 1,NORTE,0.75,0.0,1.440000057220459,1,1.7999999523162842,0,,,,0.69,,0,0
G3MONCI2,Monción 2,NORTE,22.309999465942383,0.0,26.0,1,30.0,1,gov_HYGOV_MONCION2,0.0294,R,3.69,138 kV Nodo Piloto Monción,0,0
G3MONCI1,Monción 1,NORTE,19.399999618530273,0.0,26.0,1,30.0,1,gov_HYGOV_MONCION1,0.056,R,6.6,138 kV Nodo Piloto Monción,0,0
G3PIMEN3,Pimentel 3,NORTE,8.526670455932617,0.0,17.200000762939453,3,21.344999313354492,1,gov_GGOV1,0.04,r,8.673,138 kV Nodo Piloto Pimentel,0,0
G3PIMEN2,Pimentel 2,NORTE,3.944999933242798,0.0,6.969600200653076,4,8.711999893188477,1,gov_DEGOV1_PIME2,0.047,Droop,3.025,138 kV Nodo Piloto Pimentel,0,0
G3PIMEN1,Pimentel 1,NORTE,3.055000066757202,0.0,7.856800079345703,4,9.821000099182129,1,gov_DEGOV1_PIME1,0.0593,Droop,4.802,138 kV Nodo Piloto Pimentel,0,0
G3LANGOS,López Angostura,NORTE,4.0,0.0,18.399999618530273,1,23.0,1,gov_HYGOV,0.04,R,14.4,138 kV Nodo Piloto Canabacoa,0,0
G3BAIGU2,Baiguaque 2,NORTE,1.000000013351432e-10,0.0,0.656000018119812,1,0.8199999928474426,0,,,,0.656,,0,1
G3BAIGU1,Baiguaque 1,NORTE,0.10000000149011612,0.0,0.656000018119812,1,0.8199999928474426,0,,,,0.556,,0,0
G3TAVER2,Tavera 2,NORTE,45.099998474121094,0.0,48.0,1,60.0,1,gov_HYGOV_TAVERA2,0.049,R,2.9,138 kV Nodo Piloto Canabacoa,0,0
G3TAVER1,Tavera 1,NORTE,1.000000013351432e-10,0.0,48.0,1,60.0,1,gov_HYGOV_TAVERA1,0.021,R,48.0,138 kV Nodo Piloto Canabacoa,0,1
G3SFELIG,San Felipe TG,NORTE,1.000000013351432e-10,0.0,88.67040252685547,1,101.91999816894531,1,gov_GAST,0.047,R,88.67,,0,1
G3SFV,San Felipe Vapor,NORTE,1.000000013351432e-10,0.0,124.73190307617188,1,143.3699951171875,1,gov_TGOV1,0.0429,R,124.732,,0,1
G3PIMEN4,Pimentel 4,NORTE,17.55500030517578,0.0,18.100000381469727,2,22.665000915527344,1,Governor_Engine Frame,,,0.545,138 kV Nodo Piloto Pimentel,0,0
G3LTORO1,Los Toros 1,SUR,1.000000013351432e-10,0.0,4.724999904632568,1,5.25,1,gov_HYGOV_LTOROS1,0.017,R,4.725,,0,1
G3LTORO2,Los Toros 2,SUR,1.000000013351432e-10,0.0,4.724999904632568,1,5.25,1,gov_HYGOV_LTOROS2,0.043,R,4.725,,0,1
G3NNAJAY,Nizao Najayo,SUR,1.000000013351432e-10,0.0,0.35100001096725464,1,0.38999998569488525,0,,,,0.351,,0,1
G3LANONE,Los Anones,SUR,1.000000013351432e-10,0.0,0.1160999983549118,1,0.1289999932050705,0,,,,0.116,,0,1
G3SYEGUA,Sabana Yegua,SUR,1.000000013351432e-10,0.0,12.800000190734863,1,16.0,1,gov_HYGOV,0.0293,R,12.8,138 kV Nodo Piloto Kilómetro 15 de Azua,0,1
G3SABANE,Sabaneta,SUR,1.000000013351432e-10,0.0,6.360000133514404,1,7.949999809265137,1,gov_HYGOV,0.033,R,6.36,,0,1
G3MAGUE2,Magueyal 2,SUR,1.000000013351432e-10,0.0,1.5119999647140503,1,1.6799999475479126,0,,,,1.512,138 kV Nodo Piloto Kilómetro 15 de Azua,0,1
G3MAGUE1,Magueyal 1,SUR,1.000000013351432e-10,0.0,1.5119999647140503,1,1.6799999475479126,0,,,,1.512,138 kV Nodo Piloto Kilómetro 15 de Azua,0,1
G3LDAMAS,Las Damas,SUR,1.840000033378601,0.0,7.49970006942749,1,8.333000183105469,1,gov_HYGOV_LDAMAS,0.06,R,5.66,,0,0
G3DRODR2,Domingo Rodríguez 2,SUR,1.000000013351432e-10,0.0,2.4000000953674316,1,3.0,0,,,,2.4,,0,1
G3DRODR1,Domingo Rodríguez 1,SUR,1.000000013351432e-10,0.0,2.4000000953674316,1,3.0,0,,,,2.4,,0,1
G3HTG,Haina TG,SUR,1.000000013351432e-10,0.0,100.30000305175781,1,118.0,1,gov_GGOV1,0.04,r,100.3,138 kV Nodo Piloto Itabo,0,1
G3VALDE2,Valdesia 2,SUR,1.000000013351432e-10,0.0,25.5,1,30.0,1,gov_HYGOV,0.0534,R,25.5,138 kV Nodo Piloto Valdesia,0,1
G3VALDE1,Valdesia 1,SUR,1.000000013351432e-10,0.0,25.5,1,30.0,1,gov_HYGOV,0.0494,R,25.5,138 kV Nodo Piloto Valdesia,0,1
G3LBARIA,Las Barías,SUR,1.000000013351432e-10,0.0,0.8999999761581421,1,1.0,0,,,,0.9,,0,1
G3BCARBO,Barahona Carbón,SUR,50.0,0.0,53.70000076293945,1,65.0,1,gov_TGOV1,0.04,R,3.7,138 kV Nodo Piloto Cruce Cabral 2,0,0
G3JIGUE2,Jigüey 2,SUR,37.349998474121094,0.0,49.0,1,61.25,1,gov_HYGOV_JIGUEY1,0.035,R,11.65,138 kV Nodo Piloto Valdesia,0,0
G3JIGUE1,Jigüey 1,SUR,1.000000013351432e-10,0.0,49.0,1,61.25,1,gov_HYGOV_JIGUEY2,0.039,R,49.0,138 kV Nodo Piloto Valdesia,0,1
G3AGUAC2,Aguacate 2,SUR,27.15999984741211,0.0,28.235200881958008,1,35.29399871826172,1,pcu_Reivax_RTVX100,0.04,bp,1.075,138 kV Nodo Piloto Valdesia,0,0
G3AGUAC1,Aguacate 1,SUR,25.0,0.0,28.235200881958008,1,35.29399871826172,1,pcu_Reivax_RTVX100,0.04,bp,3.235,138 kV Nodo Piloto Valdesia,0,0
G4MRIO3,Monte Río Grupo 2,SUR,5.764510154724121,0.0,7.806399822235107,7,9.758000373840332,1,gov_DEGOV1,0.0565,Droop,2.042,138 kV Nodo Piloto Kilómetro 15 de Azua,0,0
G4MRIO1,Monte Río Grupo 1,SUR,7.806399822235107,0.0,7.806399822235107,6,9.758000373840332,1,gov_DEGOV1,0.057,Droop,0.0,138 kV Nodo Piloto Kilómetro 15 de Azua,0,0
G3ITABO2,Itabo 2,SUR,1.000000013351432e-10,0.0,132.0050048828125,1,155.3000030517578,1,gov_TGOV1,0.04,R,132.005,138 kV Nodo Piloto Itabo,0,1
G3ITABO1,Itabo 1,SUR,120.0,0.0,132.0050048828125,1,150.60000610351562,1,gov_TGOV1,0.04,R,12.005,138 kV Nodo Piloto Itabo,0,0
G3SLORE1,San Lorenzo 1,SUR,1.000000013351432e-10,0.0,42.72959899902344,1,53.4119987487793,0,,,,42.73,,0,1
G3PALOM2,Palomino 2,SUR,35.0,0.0,40.0,1,48.0,1,pcu_VOITH SIEMENS,,,5.0,138 kV Nodo Piloto Kilómetro 15 de Azua,0,0
G3PALOM1,Palomino 1,SUR,1.000000013351432e-10,0.0,40.0,1,48.0,1,pcu_VOITH SIEMENS,,,40.0,138 kV Nodo Piloto Kilómetro 15 de Azua,0,1
G4PAK262,POWERSHIP AZUA KPS26 2,SUR,16.75527000427246,0.0,18.164730072021484,3,21.724000930786133,0,,,,1.409,138 kV Nodo Piloto Kilómetro 15 de Azua,0,0
G4PAK261,POWERSHIP AZUA KPS26 1,SUR,18.164730072021484,0.0,18.164730072021484,3,21.724000930786133,0,,,,0.0,138 kV Nodo Piloto Kilómetro 15 de Azua,0,0
G4PAK601,POWERSHIP AZUA KPS60,SUR,18.464550018310547,0.0,18.464550018310547,4,21.722999572753906,0,,,,0.0,138 kV Nodo Piloto Kilómetro 15 de Azua,0,0
G5PAK6TV,POWERSHIP AZUA TV,SUR,1.4817999601364136,0.0,6.0,1,7.059000015258789,0,,,,4.518,138 kV Nodo Piloto Kilómetro 15 de Azua,0,0
G3PALENQ,Palenque,SUR,6.0,0.0,25.799999237060547,4,8.057999610900879,1,gov_DEGOV1_CEPP1,0.0411,Droop,19.8,,0,0
G4PAK561,POWERSHIP AZUA KPS56,SUR,8.125,0.0,8.125,8,8.579999923706055,0,,,,0.0,,0,0
G3LMINA6,Los Mina 6,CENTRAL,101.09124755859375,0.0,105.0,1,153.75,1,gov_GAST,0.053,R,3.909,138 kV Nodo Piloto Los Mina,0,0
G5AANDRV,AES Andrés TV,CENTRAL,100.80999755859375,0.0,121.31999969482422,1,134.8000030517578,1,pcu_IEESGO,,,20.51,138 kV Nodo Piloto AES Andrés,0,0
G5AANDRG,AES Andrés TG,CENTRAL,195.69000244140625,0.0,196.8000030517578,1,218.6699981689453,1,pcu_GASTWD,0.02,Kdroop,1.11,138 kV Nodo Piloto AES Andrés,0,0
G3METALD,METALDOM,CENTRAL,9.729999542236328,0.0,10.503999710083008,4,15.0,1,gov_DEGOV1,0.044,Droop,0.774,,0,0
G3LMINA5,Los Mina 5,CENTRAL,101.09124755859375,0.0,105.0,1,153.75,1,gov_GAST,0.053,R,3.909,138 kV Nodo Piloto Los Mina,0,0
G4EMAR21,EDM2 Grupo 1,CENTRAL,18.14324951171875,0.0,18.14324951171875,3,21.344999313354492,1,gov_GGOV1,0.04,r,0.0,,0,0
G4EMAR22,EDM2 Grupo 2,CENTRAL,16.35342025756836,0.0,18.14324951171875,3,21.344999313354492,1,gov_GGOV1,0.04,r,1.79,,0,0
G4EMAR23,EDM2 TV,CENTRAL,1.000000013351432e-10,0.0,8.800000190734863,1,11.0,1,gov_GGOV1,0.04,r,8.8,,0,1
G3LMINA7,Los Mina 7,CENTRAL,108.86750030517578,0.0,324.0,1,145.0,1,gov_IEESGO,,,215.132,138 kV Nodo Piloto Los Mina,0,0
G4SIBA1,SIBA Grupo 1,CENTRAL,0.5699999928474426,0.0,16.700000762939453,2,16.700000762939453,1,pcu_GAST2A,,,16.13,138 kV Nodo Piloto Boca Chica,0,0
G4SIBA2,SIBA Grupo 2,CENTRAL,16.700000762939453,0.0,16.700000762939453,2,16.700000762939453,1,pcu_GAST2A,,,0.0,138 kV Nodo Piloto Boca Chica,0,0
G4SIBA3,SIBA Grupo 3,CENTRAL,1.000000013351432e-10,0.0,16.700000762939453,2,16.700000762939453,1,pcu_GAST2A,,,16.7,138 kV Nodo Piloto Boca Chica,0,1
G4SIBA4,SIBA Grupo 4,CENTRAL,16.700000762939453,0.0,16.700000762939453,2,16.700000762939453,1,pcu_GAST2A,,,0.0,138 kV Nodo Piloto Boca Chica,0,0
G4SIBA6,SIBA Grupo 6,CENTRAL,25.0,0.0,25.0,2,31.25,1,pcu_GAST2A,,,0.0,138 kV Nodo Piloto Boca Chica,0,0
G4SIBA5,SIBA Grupo 5,CENTRAL,16.700000762939453,0.0,16.700000762939453,2,16.700000762939453,1,pcu_GAST2A,,,0.0,138 kV Nodo Piloto Boca Chica,0,0
G3PINAL2,Pinalito 2,NORTE,24.25,0.0,26.668760299682617,1,30.1200008392334,1,gov_HYGOV,0.0381,R,2.419,,0,0
G3PINAL1,Pinalito 1,NORTE,1.000000013351432e-10,0.0,26.668760299682617,1,30.1200008392334,1,gov_HYGOV,0.037,R,26.669,,0,1
G3RBLAN2,Río Blanco 2,NORTE,12.130000114440918,0.0,13.28125,1,15.0,1,gov_HYGOV,0.035,R,1.151,,0,0
G3RBLAN1,Río Blanco 1,NORTE,1.000000013351432e-10,0.0,13.28125,1,15.0,1,gov_HYGOV,0.035,R,13.281,,0,1
G3RINCON,Rincón,NORTE,1.000000013351432e-10,0.0,10.104000091552734,1,12.625,1,gov_HYGOV_MONCION1,0.053,R,10.104,,0,1
G3RJCRUZ,Rosa Julia De La Cruz,NORTE,1.000000013351432e-10,0.0,0.8999999761581421,1,1.0,0,,,,0.9,,0,1
G3ESALTO,El Salto,NORTE,1.000000013351432e-10,0.0,0.7200000286102295,1,0.800000011920929,0,,,,0.72,,0,1
G4LVEGA1,La Vega Grupo 1,NORTE,18.42799949645996,0.0,18.42799949645996,3,23.03499984741211,1,gov_DEGOV1,0.053,Droop,0.0,,0,0
G4LVEGA2,La Vega Grupo 2,NORTE,6.478000164031982,0.0,18.42799949645996,2,23.03499984741211,1,gov_DEGOV1,0.06,Droop,11.95,,0,0
G3AVARG1,Aniana Vargas 1,NORTE,1.000000013351432e-10,0.0,0.299699991941452,1,0.3330000042915344,0,,,,0.3,,0,1
G3AVARG2,Aniana Vargas 2,NORTE,0.10000000149011612,0.0,0.299699991941452,1,0.3330000042915344,0,,,,0.2,,0,0
G3JIMENO,Jimenoa,NORTE,5.820000171661377,0.0,8.819999694824219,1,10.5,1,gov_IEESGO,,,3.0,,0,0
G3HATILL,Hatillo 1,NORTE,7.760000228881836,0.0,8.100000381469727,1,9.600000381469727,1,gov_HYGOV,0.0343,R,0.34,,0,0
G3HATIL2,Hatillo 2,NORTE,1.000000013351432e-10,0.0,10.399999618530273,1,11.664999961853027,1,gov_HYGOV,0.0343,R,10.4,,0,1
G3BDEREC,Brazo Derecho,NORTE,1.000000013351432e-10,0.0,3.0,1,2.9200000762939453,0,,,,3.0,,0,1
