for_name,loc_name,ruta,clase,tap_actual,outserv,tap_hv,tap_mv,tap_lv
WMPSOF_WMPSOK-T1,69/20 kV Transformador Monte Plata Solar,\VM-PF.IntUser\PDD 30-09-2025.IntPrj\Network Model.IntPrjfolder\Network Data.IntPrjfolder\ESTE 69 kV.ElmNet\Monte Plata Solar.ElmSite\69/20 kV Transformador Monte Plata Solar.ElmTr2,ElmTr2,0,0,,,
WGPALF_WPAL3K-T1,69/13.8 kV Transformador Palamara Grupo3,\VM-PF.IntUser\PDD 30-09-2025.IntPrj\Network Model.IntPrjfolder\Network Data.IntPrjfolder\CENTRAL 69 kV.ElmNet\Diésel Palamara.ElmSite\69/13.8 kV Transformador Palamara Grupo3.ElmTr2,ElmTr2,0,0,,,
WGPALF_WPAL2K-T1,69/13.8 kV Transformador Palamara Grupo2,\VM-PF.IntUser\PDD 30-09-2025.IntPrj\Network Model.IntPrjfolder\Network Data.IntPrjfolder\CENTRAL 69 kV.ElmNet\Diésel Palamara.ElmSite\69/13.8 kV Transformador Palamara Grupo2.ElmTr2,ElmTr2,0,0,,,
WGPALF_WPAL1K-T1,69/13.8 kV Transformador Palamara Grupo1,\VM-PF.IntUser\PDD 30-09-2025.IntPrj\Network Model.IntPrjfolder\Network Data.IntPrjfolder\CENTRAL 69 kV.ElmNet\Diésel Palamara.ElmSite\69/13.8 kV Transformador Palamara Grupo1.ElmTr2,ElmTr2,0,0,,,
WINCAF-WINCAK-T2,69/12.5 kV INCA km 22 T2,\VM-PF.IntUser\PDD 30-09-2025.IntPrj\Network Model.IntPrjfolder\Network Data.IntPrjfolder\CENTRAL 69 kV.ElmNet\INCA km 22.ElmSite\69/12.5 kV INCA km 22 T2.ElmTr2,ElmTr2,-1,0,,,
WEMA3F_WEMB3K-T1,66/13.8 kV Transformador EDM3,\VM-PF.IntUser\PDD 30-09-2025.IntPrj\Network Model.IntPrjfolder\Network Data.IntPrjfolder\CENTRAL 69 kV.ElmNet\EDM 3.ElmSite\66/13.8 kV Transformador EDM3.ElmTr2,ElmTr2,0,0,,,
WMPALF_WMPALK-T1,69/34.5 kV Transformador Mata de Palma,\VM-PF.IntUser\PDD 30-09-2025.IntPrj\Network Model.IntPrjfolder\Network Data.IntPrjfolder\CENTRAL 69 kV.ElmNet\Mata de Palma.ElmSite\69/34.5 kV Transformador Mata de Palma.ElmTr2,ElmTr2,8,0,,,
WMARTF_WMARTK-T1,69/34.5 kV Transformador Martí,\VM-PF.IntUser\PDD 30-09-2025.IntPrj\Network Model.IntPrjfolder\Network Data.IntPrjfolder\CENTRAL 69 kV.ElmNet\Martí.ElmSite\69/34.5 kV Transformador Martí.ElmTr2,ElmTr2,3,0,,,
WHNS1F_WMARAK-T1,69/13.8 kV Transformador Maranatha,\VM-PF.IntUser\PDD 30-09-2025.IntPrj\Network Model.IntPrjfolder\Network Data.IntPrjfolder\CENTRAL 69 kV.ElmNet\Maranatha.ElmSite\69/13.8 kV Transformador Maranatha.ElmTr2,ElmTr2,0,0,,,
WINCAF-WINCAK-T1,69/12.5 kV INCA km 22 T1,\VM-PF.IntUser\PDD 30-09-2025.IntPrj\Network Model.IntPrjfolder\Network Data.IntPrjfolder\CENTRAL 69 kV.ElmNet\69/12.5 kV INCA km 22 T1.ElmTr2,ElmTr2,0,0,,,
WJSAUD_WJSAUE-T1,345/138 kV Transformador 1 Julio Sauri,\VM-PF.IntUser\PDD 30-09-2025.IntPrj\Network Model.IntPrjfolder\Network Data.IntPrjfolder\Expansión 345 kV.ElmNet\Julio Sauri.ElmSite\ZJSAUD.ElmSubstat\345/138 kV Transformador 1 Julio Sauri.ElmTr2,ElmTr2,12,0,,,
WJSAUD_WJSAUE-T2,345/138 kV Transformador 2 Julio Sauri,\VM-PF.IntUser\PDD 30-09-2025.IntPrj\Network Model.IntPrjfolder\Network Data.IntPrjfolder\Expansión 345 kV.ElmNet\Julio Sauri.ElmSite\345/138 kV Transformador 2 Julio Sauri.ElmTr2,ElmTr2,12,0,,,
WNARAD_WNARAE-T2,345/138 kV Transformador 2 El Naranjo,\VM-PF.IntUser\PDD 30-09-2025.IntPrj\Network Model.IntPrjfolder\Network Data.IntPrjfolder\Expansión 345 kV.ElmNet\El Naranjo.ElmSite\ZNARAD.ElmSubstat\345/138 kV Transformador 2 El Naranjo.ElmTr2,ElmTr2,7,0,,,
WNARAD_WNARAE-T1,345/138 kV Transformador 1 El Naranjo,\VM-PF.IntUser\PDD 30-09-2025.IntPrj\Network Model.IntPrjfolder\Network Data.IntPrjfolder\Expansión 345 kV.ElmNet\El Naranjo.ElmSite\345/138 kV Transformador 1 El Naranjo.ElmTr2,ElmTr2,7,0,,,
WQU11D_WQU21K-T1,230/13.8 kV Transformador Quisqueya 2 G1,\VM-PF.IntUser\PDD 30-09-2025.IntPrj\Network Model.IntPrjfolder\Network Data.IntPrjfolder\Expansión 345 kV.ElmNet\Quisqueya.ElmSite\230/13.8 kV Transformador Quisqueya 2 G1.ElmTr2,ElmTr2,0,0,,,
WQU11D_WQU22K-T2,230/13.8 kV Transformador Quisqueya 2 G2,\VM-PF.IntUser\PDD 30-09-2025.IntPrj\Network Model.IntPrjfolder\Network Data.IntPrjfolder\Expansión 345 kV.ElmNet\Quisqueya.ElmSite\230/13.8 kV Transformador Quisqueya 2 G2.ElmTr2,ElmTr2,0,0,,,
WQU11D_WQU23K-T3,230/13.8 kV Transformador Quisqueya 2 G3,\VM-PF.IntUser\PDD 30-09-2025.IntPrj\Network Model.IntPrjfolder\Network Data.IntPrjfolder\Expansión 345 kV.ElmNet\Quisqueya.ElmSite\230/13.8 kV Transformador Quisqueya 2 G3.ElmTr2,ElmTr2,0,0,,,
WQUISD_WQ1SPK-T1,230/13.8 kV Transformador Q1 San Pedro,\VM-PF.IntUser\PDD 30-09-2025.IntPrj\Network Model.IntPrjfolder\Network Data.IntPrjfolder\Expansión 345 kV.ElmNet\Quisqueya.ElmSite\230/13.8 kV Transformador Q1 San Pedro.ElmTr2,ElmTr2,0,0,,,
WQU21D_WQU12K-T2,230/13.8 kV Transformador Quisqueya 1 G2,\VM-PF.IntUser\PDD 30-09-2025.IntPrj\Network Model.IntPrjfolder\Network Data.IntPrjfolder\Expansión 345 kV.ElmNet\Quisqueya.ElmSite\230/13.8 kV Transformador Quisqueya 1 G2.ElmTr2,ElmTr2,0,0,,,
WQU21D_WQU13K-T3,230/13.8 kV Transformador Quisqueya 1 G3,\VM-PF.IntUser\PDD 30-09-2025.IntPrj\Network Model.IntPrjfolder\Network Data.IntPrjfolder\Expansión 345 kV.ElmNet\Quisqueya.ElmSite\230/13.8 kV Transformador Quisqueya 1 G3.ElmTr2,ElmTr2,0,0,,,
WPVDCD_WPVD1K-T1,230/34.5 kV Transformador 1 PVDC,\VM-PF.IntUser\PDD 30-09-2025.IntPrj\Network Model.IntPrjfolder\Network Data.IntPrjfolder\Expansión 345 kV.ElmNet\PVDC.ElmSite\230/34.5 kV Transformador 1 PVDC.ElmTr2,ElmTr2,0,0,,,
WPVDCD_WPVD2K-T1,230/34.5 kV Transformador 2 PVDC,\VM-PF.IntUser\PDD 30-09-2025.IntPrj\Network Model.IntPrjfolder\Network Data.IntPrjfolder\Expansión 345 kV.ElmNet\PVDC.ElmSite\230/34.5 kV Transformador 2 PVDC.ElmTr2,ElmTr2,0,0,,,
WPCA2D_WPCA1K-T1,345/22 kV Transformador Punta Catalina 1,\VM-PF.IntUser\PDD 30-09-2025.IntPrj\Network Model.IntPrjfolder\Network Data.IntPrjfolder\Expansión 345 kV.ElmNet\Punta Catalina.ElmSite\345/22 kV Transformador Punta Catalina 1.ElmTr2,ElmTr2,3,0,,,
WPCA2D_WPCA2K-T1,345/22 kV Transformador Punta Catalina 2,\VM-PF.IntUser\PDD 30-09-2025.IntPrj\Network Model.IntPrjfolder\Network Data.IntPrjfolder\Expansión 345 kV.ElmNet\Punta Catalina.ElmSite\345/22 kV Transformador Punta Catalina 2.ElmTr2,ElmTr2,3,0,,,
WBON3D_WBON3C-T1,345/230 kV Transformador 2 Bonao 3,\VM-PF.IntUser\PDD 30-09-2025.IntPrj\Network Model.IntPrjfolder\Network Data.IntPrjfolder\Expansión 345 kV.ElmNet\Bonao 3.ElmSite\345/230 kV Transformador 2 Bonao 3.ElmTr2,ElmTr2,22,0,,,
WBON3C_WBON3E-T2,230/138 kV Transformador 2 Bonao 3,\VM-PF.IntUser\PDD 30-09-2025.IntPrj\Network Model.IntPrjfolder\Network Data.IntPrjfolder\Expansión 345 kV.ElmNet\Bonao 3.ElmSite\230/138 kV Transformador 2 Bonao 3.ElmTr2,ElmTr2,10,0,,,
WGUERD_WGUERE-T1,345/138 kV Transformador 1 Guerra,\VM-PF.IntUser\PDD 30-09-2025.IntPrj\Network Model.IntPrjfolder\Network Data.IntPrjfolder\Expansión 345 kV.ElmNet\Guerra.ElmSite\345/138 kV Transformador 1 Guerra.ElmTr2,ElmTr2,5,0,,,
WGUERD_WGUERE-T2,345/138 kV Transformador 2 Guerra,\VM-PF.IntUser\PDD 30-09-2025.IntPrj\Network Model.IntPrjfolder\Network Data.IntPrjfolder\Expansión 345 kV.ElmNet\Guerra.ElmSite\345/138 kV Transformador 2 Guerra.ElmTr2,ElmTr2,5,0,,,
WSESTE_WSES1K-T1,138/13.8 kV Transformador Sultana Este 1,\VM-PF.IntUser\PDD 30-09-2025.IntPrj\Network Model.IntPrjfolder\Network Data.IntPrjfolder\ESTE 138 kV.ElmNet\Sultana del Este.ElmSite\138/13.8 kV Transformador Sultana Este 1.ElmTr2,ElmTr2,0,0,,,
WSESTE_WSES2K-T1,138/13.8 kV Transformador Sultana Este 2,\VM-PF.IntUser\PDD 30-09-2025.IntPrj\Network Model.IntPrjfolder\Network Data.IntPrjfolder\ESTE 138 kV.ElmNet\Sultana del Este.ElmSite\138/13.8 kV Transformador Sultana Este 2.ElmTr2,ElmTr2,-2,1,,,
WSESTE_WSES3K-T1,138/13.8 kV Transformador Sultana Este 3,\VM-PF.IntUser\PDD 30-09-2025.IntPrj\Network Model.IntPrjfolder\Network Data.IntPrjfolder\ESTE 138 kV.ElmNet\Sultana del Este.ElmSite\138/13.8 kV Transformador Sultana Este 3.ElmTr2,ElmTr2,-10,1,,,
WLROME_WLROMF-T1,138/69 kV Transformador La Romana,\VM-PF.IntUser\PDD 30-09-2025.IntPrj\Network Model.IntPrjfolder\Network Data.IntPrjfolder\ESTE 138 kV.ElmNet\La Romana.ElmSite\138/69 kV Transformador La Romana.ElmTr2,ElmTr2,13,0,,,
WSPM2E_WCES3K-T1,138/13.8 kV Transformador CESPM 3,\VM-PF.IntUser\PDD 30-09-2025.IntPrj\Network Model.IntPrjfolder\Network Data.IntPrjfolder\ESTE 138 kV.ElmNet\SPM 2.ElmSite\138/13.8 kV Transformador CESPM 3.ElmTr2,ElmTr2,0,0,,,
WSPM2E_WCES2K-T1,138/13.8 kV Transformador CESPM 2,\VM-PF.IntUser\PDD 30-09-2025.IntPrj\Network Model.IntPrjfolder\Network Data.IntPrjfolder\ESTE 138 kV.ElmNet\SPM 2.ElmSite\138/13.8 kV Transformador CESPM 2.ElmTr2,ElmTr2,0,0,,,
WSPM2E_WCES1K-T1,138/13.8 kV Transformador CESPM 1,\VM-PF.IntUser\PDD 30-09-2025.IntPrj\Network Model.IntPrjfolder\Network Data.IntPrjfolder\ESTE 138 kV.ElmNet\SPM 2.ElmSite\138/13.8 kV Transformador CESPM 1.ElmTr2,ElmTr2,0,0,,,
WENE4E_WXEN4K-T1,138/13.8 kV Transformador ENERGAS 4 TG,\VM-PF.IntUser\PDD 30-09-2025.IntPrj\Network Model.IntPrjfolder\Network Data.IntPrjfolder\ESTE 138 kV.ElmNet\SPM 2.ElmSite\138/13.8 kV Transformador ENERGAS 4 TG.ElmTr2,ElmTr2,0,0,,,
WENE4E_WXEV4K-T1,138/13.8 kV Transformador ENERGAS 4 TV,\VM-PF.IntUser\PDD 30-09-2025.IntPrj\Network Model.IntPrjfolder\Network Data.IntPrjfolder\ESTE 138 kV.ElmNet\SPM 2.ElmSite\138/13.8 kV Transformador ENERGAS 4 TV.ElmTr2,ElmTr2,0,0,,,
WCEMEE_WCEMEK-T1,138/13.8 kV Transformador CEMEX,\VM-PF.IntUser\PDD 30-09-2025.IntPrj\Network Model.IntPrjfolder\Network Data.IntPrjfolder\ESTE 138 kV.ElmNet\CEMEX.ElmSite\138/13.8 kV Transformador CEMEX.ElmTr2,ElmTr2,0,0,,,
WCEMEE_WCEMEK-T2,138/13.8 kV Trafo 2 CEMEX 40 MVA,\VM-PF.IntUser\PDD 30-09-2025.IntPrj\Network Model.IntPrjfolder\Network Data.IntPrjfolder\ESTE 138 kV.ElmNet\CEMEX.ElmSite\138/13.8 kV Trafo 2 CEMEX 40 MVA.ElmTr2,ElmTr2,3,0,,,
WCUMAE_WXCU1K-T1,138/34.5 kV Transformador PF Cumayasa 1,\VM-PF.IntUser\PDD 30-09-2025.IntPrj\Network Model.IntPrjfolder\Network Data.IntPrjfolder\ESTE 138 kV.ElmNet\Cumayasa.ElmSite\138/34.5 kV Transformador PF Cumayasa 1.ElmTr2,ElmTr2,0,0,,,
WCUMBE_WXCU2K-T1,138/34.5 kV Transformador PF Cumayasa 2,\VM-PF.IntUser\PDD 30-09-2025.IntPrj\Network Model.IntPrjfolder\Network Data.IntPrjfolder\ESTE 138 kV.ElmNet\Cumayasa.ElmSite\138/34.5 kV Transformador PF Cumayasa 2.ElmTr2,ElmTr2,0,0,,,
WCUMBE_WXCU4K-T1,138/34.5 kV Transformador PF Cumayasa 4,\VM-PF.IntUser\PDD 30-09-2025.IntPrj\Network Model.IntPrjfolder\Network Data.IntPrjfolder\ESTE 138 kV.ElmNet\Cumayasa.ElmSite\138/34.5 kV Transformador PF Cumayasa 4.ElmTr2,ElmTr2,1,0,,,
WLORIE_WLORIK-T1,138/12.47 kV Transformador Los Orígenes,\VM-PF.IntUser\PDD 30-09-2025.IntPrj\Network Model.IntPrjfolder\Network Data.IntPrjfolder\ESTE 138 kV.ElmNet\Los Orígenes.ElmSite\138/12.47 kV Transformador Los Orígenes.ElmTr2,ElmTr2,1,0,,,
WSPBEE_WSPB1K-T1,138/13.8 kV Transformador SP Bio-Energy,\VM-PF.IntUser\PDD 30-09-2025.IntPrj\Network Model.IntPrjfolder\Network Data.IntPrjfolder\ESTE 138 kV.ElmNet\San Pedro Bio-Energy.ElmSite\138/13.8 kV Transformador SP Bio-Energy.ElmTr2,ElmTr2,5,0,,,
WSPMAE_WSPMAF-T1,138/69 kV Transformador SPM,\VM-PF.IntUser\PDD 30-09-2025.IntPrj\Network Model.IntPrjfolder\Network Data.IntPrjfolder\ESTE 138 kV.ElmNet\San Pedro.ElmSite\138/69 kV Transformador SPM.ElmTr2,ElmTr2,9,0,,,
WHMA2E_WHMA2F-T1,138/69 kV Transformador Hato Mayor 2,\VM-PF.IntUser\PDD 30-09-2025.IntPrj\Network Model.IntPrjfolder\Network Data.IntPrjfolder\ESTE 138 kV.ElmNet\Hato Mayor 2.ElmSite\138/69 kV Transformador Hato Mayor 2.ElmTr2,ElmTr2,11,0,,,
WESOCE_WESOCK-T1,138/34.5 kV Transformador PS El Soco,\VM-PF.IntUser\PDD 30-09-2025.IntPrj\Network Model.IntPrjfolder\Network Data.IntPrjfolder\ESTE 138 kV.ElmNet\El Soco.ElmSite\138/34.5 kV Transformador PS El Soco.ElmTr2,ElmTr2,0,0,,,
WCOTOE_WCSO1K-T1,138/34.5 kV Cotoperí T1,\VM-PF.IntUser\PDD 30-09-2025.IntPrj\Network Model.IntPrjfolder\Network Data.IntPrjfolder\ESTE 138 kV.ElmNet\Cotoperí.ElmSite\138/34.5 kV Cotoperí T1.ElmTr2,ElmTr2,0,0,,,
WCOTOE_WCSO2K-T1,138/34.5 kV Cotoperí T2,\VM-PF.IntUser\PDD 30-09-2025.IntPrj\Network Model.IntPrjfolder\Network Data.IntPrjfolder\ESTE 138 kV.ElmNet\Cotoperí.ElmSite\138/34.5 kV Cotoperí T2.ElmTr2,ElmTr2,0,0,,,
WCOTOE_WCSO3K-T1,138/34.5 kV Cotoperí T3,\VM-PF.IntUser\PDD 30-09-2025.IntPrj\Network Model.IntPrjfolder\Network Data.IntPrjfolder\ESTE 138 kV.ElmNet\Cotoperí.ElmSite\138/34.5 kV Cotoperí T3.ElmTr2,ElmTr2,0,0,,,
WCOAPE_WCOA1K-T1,138/34.5 kV Transformador PF Coastal T1,\VM-PF.IntUser\PDD 30-09-2025.IntPrj\Network Model.IntPrjfolder\Network Data.IntPrjfolder\ESTE 138 kV.ElmNet\Coastal.ElmSite\138/34.5 kV Transformador PF Coastal T1.ElmTr2,ElmTr2,0,0,,,
WCOAPE_WCOA2K-T1,138/34.5 kV Transformador PF Coastal T2,\VM-PF.IntUser\PDD 30-09-2025.IntPrj\Network Model.IntPrjfolder\Network Data.IntPrjfolder\ESTE 138 kV.ElmNet\Coastal.ElmSite\138/34.5 kV Transformador PF Coastal T2.ElmTr2,ElmTr2,0,0,,,
WZSANE_WZSANF-T1,138/69 kV Transformador ZF Santiago,\VM-PF.IntUser\PDD 30-09-2025.IntPrj\Network Model.IntPrjfolder\Network Data.IntPrjfolder\NORTE 138 kV.ElmNet\ZF Santiago.ElmSite\138/69 kV Transformador ZF Santiago.ElmTr2,ElmTr2,9,0,,,
WBON2E_WBON2F-T1,138/69 kV Transformador Bonao 2,\VM-PF.IntUser\PDD 30-09-2025.IntPrj\Network Model.IntPrjfolder\Network Data.IntPrjfolder\NORTE 138 kV.ElmNet\Bonao 2.ElmSite\138/69 kV Transformador Bonao 2.ElmTr2,ElmTr2,12,0,,,
WZMONK_WCEMOK-T1,13.8/4.16 kV Transformador CE Monción,\VM-PF.IntUser\PDD 30-09-2025.IntPrj\Network Model.IntPrjfolder\Network Data.IntPrjfolder\NORTE 138 kV.ElmNet\Monción.ElmSite\13.8/4.16 kV Transformador CE Monción.ElmTr2,ElmTr2,0,0,,,
WMONCE_WMONCK-T2,138/13.8 kV Transformador Monción 2,\VM-PF.IntUser\PDD 30-09-2025.IntPrj\Network Model.IntPrjfolder\Network Data.IntPrjfolder\NORTE 138 kV.ElmNet\Monción.ElmSite\138/13.8 kV Transformador Monción 2.ElmTr2,ElmTr2,2,0,,,
WMONCE_WMONCK-T1,138/13.8 kV Transformador Monción 1,\VM-PF.IntUser\PDD 30-09-2025.IntPrj\Network Model.IntPrjfolder\Network Data.IntPrjfolder\NORTE 138 kV.ElmNet\Monción.ElmSite\138/13.8 kV Transformador Monción 1.ElmTr2,ElmTr2,2,0,,,
WMONCK_WZMONK-T1,13.8/4.16 kV Transformador Zona Monción,\VM-PF.IntUser\PDD 30-09-2025.IntPrj\Network Model.IntPrjfolder\Network Data.IntPrjfolder\NORTE 138 kV.ElmNet\Monción.ElmSite\13.8/4.16 kV Transformador Zona Monción.ElmTr2,ElmTr2,0,0,,,
WPIMEE_WPIM3K-T1,138/13.8 kV Trafo Pimentel Grupo 3,\VM-PF.IntUser\PDD 30-09-2025.IntPrj\Network Model.IntPrjfolder\Network Data.IntPrjfolder\NORTE 138 kV.ElmNet\Pimentel.ElmSite\138/13.8 kV Trafo Pimentel Grupo 3.ElmTr2,ElmTr2,1,0,,,
WPIMEE_WPIM2K-T1,138/13.8 kV Trafo Pimentel Grupo 2,\VM-PF.IntUser\PDD 30-09-2025.IntPrj\Network Model.IntPrjfolder\Network Data.IntPrjfolder\NORTE 138 kV.ElmNet\Pimentel.ElmSite\138/13.8 kV Trafo Pimentel Grupo 2.ElmTr2,ElmTr2,1,0,,,
WPIMEE_WPIM1K-T1,138/13.8 kV Trafo Pimentel Grupo 1,\VM-PF.IntUser\PDD 30-09-2025.IntPrj\Network Model.IntPrjfolder\Network Data.IntPrjfolder\NORTE 138 kV.ElmNet\Pimentel.ElmSite\138/13.8 kV Trafo Pimentel Grupo 1.ElmTr2,ElmTr2,1,0,,,
WCANAE_WCANBF-T2,138/69 kV Transformador 2 Canabacoa,\VM-PF.IntUser\PDD 30-09-2025.IntPrj\Network Model.IntPrjfolder\Network Data.IntPrjfolder\NORTE 138 kV.ElmNet\Canabacoa.ElmSite\138/69 kV Transformador 2 Canabacoa.ElmTr2,ElmTr2,13,0,,,
WCANAE_WCANBF-T1,138/69 kV Transformador Canabacoa,\VM-PF.IntUser\PDD 30-09-2025.IntPrj\Network Model.IntPrjfolder\Network Data.IntPrjfolder\NORTE 138 kV.ElmNet\Canabacoa.ElmSite\138/69 kV Transformador Canabacoa.ElmTr2,ElmTr2,16,0,,,
WPPL2E_WPPL2F-T1,138/69 kV Trafo Puerto Plata 2,\VM-PF.IntUser\PDD 30-09-2025.IntPrj\Network Model.IntPrjfolder\Network Data.IntPrjfolder\NORTE 138 kV.ElmNet\Puerto Plata 2.ElmSite\138/69 kV Trafo Puerto Plata 2.ElmTr2,ElmTr2,13,0,,,
WNAG2E_WNAG2F-T1,138/69 kV Transformador Nagua 2,\VM-PF.IntUser\PDD 30-09-2025.IntPrj\Network Model.IntPrjfolder\Network Data.IntPrjfolder\NORTE 138 kV.ElmNet\Nagua.ElmSite\138/69 kV Transformador Nagua 2.ElmTr2,ElmTr2,14,0,,,
WLANGE_WLANGK-T1,138/13.8 Transformador López Angostura,\VM-PF.IntUser\PDD 30-09-2025.IntPrj\Network Model.IntPrjfolder\Network Data.IntPrjfolder\NORTE 138 kV.ElmNet\López Angostura.ElmSite\138/13.8 Transformador López Angostura.ElmTr2,ElmTr2,0,0,,,
WFALCE_WFALCK-T1,138/34.5 kV Transformador FALCONDO,\VM-PF.IntUser\PDD 30-09-2025.IntPrj\Network Model.IntPrjfolder\Network Data.IntPrjfolder\NORTE 138 kV.ElmNet\Falcondo.ElmSite\ZFALCE.ElmSubstat\138/34.5 kV Transformador FALCONDO.ElmTr2,ElmTr2,5,1,,,
WTAVBE_WBAI1K-T1,12.47/0.44 kV Transfomador 1 Baiguaque,\VM-PF.IntUser\PDD 30-09-2025.IntPrj\Network Model.IntPrjfolder\Network Data.IntPrjfolder\NORTE 138 kV.ElmNet\Site.ElmSite\12.47/0.44 kV Transfomador 1 Baiguaque.ElmTr2,ElmTr2,-3,0,,,
WTAVBE_WBAI2K-T1,34.5/12.47 kV Trafo Jánico,\VM-PF.IntUser\PDD 30-09-2025.IntPrj\Network Model.IntPrjfolder\Network Data.IntPrjfolder\NORTE 138 kV.ElmNet\34.5/12.47 kV Trafo Jánico.ElmTr2,ElmTr2,-3,0,,,
WTAVBE_WTAV2K-T1,138/13.8 kV Transformador Tavera 2,\VM-PF.IntUser\PDD 30-09-2025.IntPrj\Network Model.IntPrjfolder\Network Data.IntPrjfolder\NORTE 138 kV.ElmNet\Tavera.ElmSite\138/13.8 kV Transformador Tavera 2.ElmTr2,ElmTr2,2,0,,,
WTAVEE_WTAV1K-T1,138/13.8 kV Transformador Tavera 1,\VM-PF.IntUser\PDD 30-09-2025.IntPrj\Network Model.IntPrjfolder\Network Data.IntPrjfolder\NORTE 138 kV.ElmNet\Tavera.ElmSite\138/13.8 kV Transformador Tavera 1.ElmTr2,ElmTr2,2,0,,,
WFALCF_WFALCK-T1,69/34.5 kV Transformador FALCONDO,\VM-PF.IntUser\PDD 30-09-2025.IntPrj\Network Model.IntPrjfolder\Network Data.IntPrjfolder\NORTE 138 kV.ElmNet\69/34.5 kV Transformador FALCONDO.ElmTr2,ElmTr2,3,1,,,
WSAJ1E_WSAJOK-T1,138/34.5 kV Transformador PF SAJOMA,\VM-PF.IntUser\PDD 30-09-2025.IntPrj\Network Model.IntPrjfolder\Network Data.IntPrjfolder\NORTE 138 kV.ElmNet\SAJOMA.ElmSite\138/34.5 kV Transformador PF SAJOMA.ElmTr2,ElmTr2,0,0,,,
WGUAYE_WPFM1K-T1,138/20 kV Trafo Monte Cristi Solar G1,\VM-PF.IntUser\PDD 30-09-2025.IntPrj\Network Model.IntPrjfolder\Network Data.IntPrjfolder\NORTE 138 kV.ElmNet\Monte Cristi Solar.ElmSite\138/20 kV Trafo Monte Cristi Solar G1.ElmTr2,ElmTr2,3,0,,,
WGUAYE_WPFM2K-T1,138/20 kV Trafo Monte Cristi Solar G2,\VM-PF.IntUser\PDD 30-09-2025.IntPrj\Network Model.IntPrjfolder\Network Data.IntPrjfolder\NORTE 138 kV.ElmNet\Monte Cristi Solar.ElmSite\138/20 kV Trafo Monte Cristi Solar G2.ElmTr2,ElmTr2,3,0,,,
WACLAE_WACLAK-T1,138/34.5 kV Transformador Agua Clara,\VM-PF.IntUser\PDD 30-09-2025.IntPrj\Network Model.IntPrjfolder\Network Data.IntPrjfolder\NORTE 138 kV.ElmNet\Agua Clara.ElmSite\138/34.5 kV Transformador Agua Clara.ElmTr2,ElmTr2,2,0,,,
WGNLLE_WGNLLK-T1,138/34.5 kV Transformador Guanillo,\VM-PF.IntUser\PDD 30-09-2025.IntPrj\Network Model.IntPrjfolder\Network Data.IntPrjfolder\NORTE 138 kV.ElmNet\Guanillo.ElmSite\138/34.5 kV Transformador Guanillo.ElmTr2,ElmTr2,0,0,,,
WSFMAE_WSFMAF-T1,138/69 kV Transformador SFM,\VM-PF.IntUser\PDD 30-09-2025.IntPrj\Network Model.IntPrjfolder\Network Data.IntPrjfolder\NORTE 138 kV.ElmNet\SFM.ElmSite\138/69 kV Transformador SFM.ElmTr2,ElmTr2,17,0,,,
WLGUZE_WLGUZK-T1,138/34.5 kV Trafo Los Guzmancito,\VM-PF.IntUser\PDD 30-09-2025.IntPrj\Network Model.IntPrjfolder\Network Data.IntPrjfolder\NORTE 138 kV.ElmNet\Los Guzmancito.ElmSite\138/34.5 kV Trafo Los Guzmancito.ElmTr2,ElmTr2,0,0,,,
WLGUZE_WLGU2K-T1,138/34.5 kV Trafo 2 Guzmancito,\VM-PF.IntUser\PDD 30-09-2025.IntPrj\Network Model.IntPrjfolder\Network Data.IntPrjfolder\NORTE 138 kV.ElmNet\Los Guzmancito.ElmSite\138/34.5 kV Trafo 2 Guzmancito.ElmTr2,ElmTr2,0,0,,,
WMAT1E_WXMATK-T1,138/34.5 kV Transformador MATRISOL,\VM-PF.IntUser\PDD 30-09-2025.IntPrj\Network Model.IntPrjfolder\Network Data.IntPrjfolder\NORTE 138 kV.ElmNet\Matrisol.ElmSite\138/34.5 kV Transformador MATRISOL.ElmTr2,ElmTr2,10,0,,,
WESP1E_WXPS1K-T1,138/34.5 kV Transformador PS Esperanza,\VM-PF.IntUser\PDD 30-09-2025.IntPrj\Network Model.IntPrjfolder\Network Data.IntPrjfolder\NORTE 138 kV.ElmNet\Esperanza.ElmSite\138/34.5 kV Transformador PS Esperanza.ElmTr2,ElmTr2,-2,0,,,
WPIMEE_WXPI4K-T1,138/13.8 kV Pimentel 4 T1,\VM-PF.IntUser\PDD 30-09-2025.IntPrj\Network Model.IntPrjfolder\Network Data.IntPrjfolder\NORTE 138 kV.ElmNet\138/13.8 kV Pimentel 4 T1.ElmTr2,ElmTr2,0,0,,,
WTAV2E_WTAVEK-T1,138/34.5 kV Tavera T1,\VM-PF.IntUser\PDD 30-09-2025.IntPrj\Network Model.IntPrjfolder\Network Data.IntPrjfolder\NORTE 138 kV.ElmNet\138/34.5 kV Tavera T1.ElmTr2,ElmTr2,0,0,,,
WLTOBF_WLTO1K-T1,69/6.9 kV Transformador Los Toros,\VM-PF.IntUser\PDD 30-09-2025.IntPrj\Network Model.IntPrjfolder\Network Data.IntPrjfolder\SUR 69 kV.ElmNet\Los Toros.ElmSite\69/6.9 kV Transformador Los Toros.ElmTr2,ElmTr2,0,0,,,
WSYEGF_WSYEGK-T1,69/13.8 kV Transformador Sabana Yegua,\VM-PF.IntUser\PDD 30-09-2025.IntPrj\Network Model.IntPrjfolder\Network Data.IntPrjfolder\SUR 69 kV.ElmNet\Sabana Yegua.ElmSite\69/13.8 kV Transformador Sabana Yegua.ElmTr2,ElmTr2,1,0,,,
WSABAF_WSABAK-T1,69/12.5 kV Transformador Sabaneta,\VM-PF.IntUser\PDD 30-09-2025.IntPrj\Network Model.IntPrjfolder\Network Data.IntPrjfolder\SUR 69 kV.ElmNet\Sabaneta.ElmSite\69/12.5 kV Transformador Sabaneta.ElmTr2,ElmTr2,1,0,,,
WMAGUF_WMAGUK-T1,69/22 kV Transformador Magueyal,\VM-PF.IntUser\PDD 30-09-2025.IntPrj\Network Model.IntPrjfolder\Network Data.IntPrjfolder\SUR 69 kV.ElmNet\Magueyal.ElmSite\69/22 kV Transformador Magueyal.ElmTr2,ElmTr2,0,0,,,
WLDAMF_WLDAMK-T1,69/12.5 kV Transformador Las Damas,\VM-PF.IntUser\PDD 30-09-2025.IntPrj\Network Model.IntPrjfolder\Network Data.IntPrjfolder\SUR 69 kV.ElmNet\Las Damas.ElmSite\69/12.5 kV Transformador Las Damas.ElmTr2,ElmTr2,-1,0,,,
WDRODK_WDRODL-T1,12.47/4.16 kV Trafo Domingo Rodríguez,\VM-PF.IntUser\PDD 30-09-2025.IntPrj\Network Model.IntPrjfolder\Network Data.IntPrjfolder\SUR 69 kV.ElmNet\Domingo Rodríguez.ElmSite\12.47/4.16 kV Trafo Domingo Rodríguez.ElmTr2,ElmTr2,0,0,,,
WDRODF_WDRODK-T1,69/12.47 kV Trafo Domingo Rodríguez,\VM-PF.IntUser\PDD 30-09-2025.IntPrj\Network Model.IntPrjfolder\Network Data.IntPrjfolder\SUR 69 kV.ElmNet\Domingo Rodríguez.ElmSite\69/12.47 kV Trafo Domingo Rodríguez.ElmTr2,ElmTr2,0,0,,,
WSCANF_WSCANK-T1,69/34.5 kV Transformador Canoa Solar,\VM-PF.IntUser\PDD 30-09-2025.IntPrj\Network Model.IntPrjfolder\Network Data.IntPrjfolder\SUR 69 kV.ElmNet\Canoa Solar.ElmSite\69/34.5 kV Transformador Canoa Solar.ElmTr2,ElmTr2,-1,0,,,
WYAGUF_WXNNAK-T1,69/12.47 kV Nizao-Najayo T1,\VM-PF.IntUser\PDD 30-09-2025.IntPrj\Network Model.IntPrjfolder\Network Data.IntPrjfolder\SUR 69 kV.ElmNet\69/12.47 kV Nizao-Najayo T1.ElmTr2,ElmTr2,0,0,,,
WPIZDF_WXLANK-T1,69/12.47 kV Pizarrete Distribución T1,\VM-PF.IntUser\PDD 30-09-2025.IntPrj\Network Model.IntPrjfolder\Network Data.IntPrjfolder\SUR 69 kV.ElmNet\69/12.47 kV Pizarrete Distribución T1.ElmTr2,ElmTr2,0,0,,,
WLUCIF_WXLUCK-T1,69/34.5 kV PF Lucila T1,\VM-PF.IntUser\PDD 30-09-2025.IntPrj\Network Model.IntPrjfolder\Network Data.IntPrjfolder\SUR 69 kV.ElmNet\Lucila.ElmSite\69/34.5 kV PF Lucila T1.ElmTr2,ElmTr2,2,0,,,
WKQAZE_WKQAZF-T1,138/69 kV Transformador km 15 de Azua,\VM-PF.IntUser\PDD 30-09-2025.IntPrj\Network Model.IntPrjfolder\Network Data.IntPrjfolder\SUR 138 kV.ElmNet\km 15 de Azua.ElmSite\138/69 kV Transformador km 15 de Azua.ElmTr2,ElmTr2,7,0,,,
WHAINE_WHAIGK-T1,138/13.8 kV Transformador Haina TG,\VM-PF.IntUser\PDD 30-09-2025.IntPrj\Network Model.IntPrjfolder\Network Data.IntPrjfolder\SUR 138 kV.ElmNet\Haina.ElmSite\138/13.8 kV Transformador Haina TG.ElmTr2,ElmTr2,-1,0,,,
WHAINE_WHAINF-T1,138/69 kV Transformador Haina,\VM-PF.IntUser\PDD 30-09-2025.IntPrj\Network Model.IntPrjfolder\Network Data.IntPrjfolder\SUR 138 kV.ElmNet\Haina.ElmSite\138/69 kV Transformador Haina.ElmTr2,ElmTr2,8,0,,,
WVALDE_WVAL2K-T1,138/13.8 kV Transformador Valdesia 2,\VM-PF.IntUser\PDD 30-09-2025.IntPrj\Network Model.IntPrjfolder\Network Data.IntPrjfolder\SUR 138 kV.ElmNet\Valdesia.ElmSite\138/13.8 kV Transformador Valdesia 2.ElmTr2,ElmTr2,1,0,,,
WVALDE_WVAL1K-T1,138/13.8 kV Transformador Valdesia 1,\VM-PF.IntUser\PDD 30-09-2025.IntPrj\Network Model.IntPrjfolder\Network Data.IntPrjfolder\SUR 138 kV.ElmNet\Valdesia.ElmSite\138/13.8 kV Transformador Valdesia 1.ElmTr2,ElmTr2,1,0,,,
WVALDE_WLBARK-T1,138/13.8 kV Transformador Las Barias,\VM-PF.IntUser\PDD 30-09-2025.IntPrj\Network Model.IntPrjfolder\Network Data.IntPrjfolder\SUR 138 kV.ElmNet\Valdesia.ElmSite\138/13.8 kV Transformador Las Barias.ElmTr2,ElmTr2,7,0,,,
WBCARE_WBARCK-T1,138/13.8 kV Transformado Barahona Carbón,\VM-PF.IntUser\PDD 30-09-2025.IntPrj\Network Model.IntPrjfolder\Network Data.IntPrjfolder\SUR 138 kV.ElmNet\Barahona Carbón.ElmSite\138/13.8 kV Transformado Barahona Carbón.ElmTr2,ElmTr2,-2,0,,,
WBCARE_WBCARF-T1,138/69 kV Transformador Barahona Carbón,\VM-PF.IntUser\PDD 30-09-2025.IntPrj\Network Model.IntPrjfolder\Network Data.IntPrjfolder\SUR 138 kV.ElmNet\Barahona Carbón.ElmSite\138/69 kV Transformador Barahona Carbón.ElmTr2,ElmTr2,2,0,,,
WJIGUE_WJIG2K-T1,138/13.8 kV Transformador Jigüey 2,\VM-PF.IntUser\PDD 30-09-2025.IntPrj\Network Model.IntPrjfolder\Network Data.IntPrjfolder\SUR 138 kV.ElmNet\Jiguey.ElmSite\138/13.8 kV Transformador Jigüey 2.ElmTr2,ElmTr2,0,0,,,
WJIGBE_WJIG1K-T1,138/13.8 kV Transformador Jigüey 1,\VM-PF.IntUser\PDD 30-09-2025.IntPrj\Network Model.IntPrjfolder\Network Data.IntPrjfolder\SUR 138 kV.ElmNet\Jiguey.ElmSite\138/13.8 kV Transformador Jigüey 1.ElmTr2,ElmTr2,0,0,,,
WAGUBE_WAGU2K-T1,138/13.8 kV Transformador Aguacate 2,\VM-PF.IntUser\PDD 30-09-2025.IntPrj\Network Model.IntPrjfolder\Network Data.IntPrjfolder\SUR 138 kV.ElmNet\Aguacate.ElmSite\138/13.8 kV Transformador Aguacate 2.ElmTr2,ElmTr2,2,0,,,
WAGUAE_WAGU1K-T1,138/13.8 kV Transformador Aguacate 1,\VM-PF.IntUser\PDD 30-09-2025.IntPrj\Network Model.IntPrjfolder\Network Data.IntPrjfolder\SUR 138 kV.ElmNet\Aguacate.ElmSite\138/13.8 kV Transformador Aguacate 1.ElmTr2,ElmTr2,2,0,,,
WMRIOE_WMRI3K-T1,138/13.8 kV Transformador Monte Río G3,\VM-PF.IntUser\PDD 30-09-2025.IntPrj\Network Model.IntPrjfolder\Network Data.IntPrjfolder\SUR 138 kV.ElmNet\Monte Río.ElmSite\138/13.8 kV Transformador Monte Río G3.ElmTr2,ElmTr2,-2,0,,,
WMRIOE_WMRI2K-T1,138/13.8 kV Transformador Monte Río G2,\VM-PF.IntUser\PDD 30-09-2025.IntPrj\Network Model.IntPrjfolder\Network Data.IntPrjfolder\SUR 138 kV.ElmNet\Monte Río.ElmSite\138/13.8 kV Transformador Monte Río G2.ElmTr2,ElmTr2,-2,0,,,
WMRIOE_WMRI1K-T1,138/13.8 kV Transformador Monte Río G1,\VM-PF.IntUser\PDD 30-09-2025.IntPrj\Network Model.IntPrjfolder\Network Data.IntPrjfolder\SUR 138 kV.ElmNet\Monte Río.ElmSite\138/13.8 kV Transformador Monte Río G1.ElmTr2,ElmTr2,-2,0,,,
WITABE_WITA1K-T1,138/13.8 kV Transformador Itabo 1,\VM-PF.IntUser\PDD 30-09-2025.IntPrj\Network Model.IntPrjfolder\Network Data.IntPrjfolder\SUR 138 kV.ElmNet\Itabo.ElmSite\138/13.8 kV Transformador Itabo 1.ElmTr2,ElmTr2,-2,0,,,
WITABE_WITA2K-T1,138/13.8 kV Transformador Itabo 2,\VM-PF.IntUser\PDD 30-09-2025.IntPrj\Network Model.IntPrjfolder\Network Data.IntPrjfolder\SUR 138 kV.ElmNet\Itabo.ElmSite\138/13.8 kV Transformador Itabo 2.ElmTr2,ElmTr2,-2,0,,,
WITAGE_WSLORK-T1,138/13.8 kV Transformador San Lorenzo,\VM-PF.IntUser\PDD 30-09-2025.IntPrj\Network Model.IntPrjfolder\Network Data.IntPrjfolder\SUR 138 kV.ElmNet\Itabo TG.ElmSite\138/13.8 kV Transformador San Lorenzo.ElmTr2,ElmTr2,-2,0,,,
WLCOCE_WLCOCK-T1,138/34.5 kV Transformador 1 Los Cocos,\VM-PF.IntUser\PDD 30-09-2025.IntPrj\Network Model.IntPrjfolder\Network Data.IntPrjfolder\SUR 138 kV.ElmNet\Los Cocos.ElmSite\138/34.5 kV Transformador 1 Los Cocos.ElmTr2,ElmTr2,0,0,,,
WLCOCE_WLCOCK-T2,138/34.5 kV Transformador 2 Los Cocos,\VM-PF.IntUser\PDD 30-09-2025.IntPrj\Network Model.IntPrjfolder\Network Data.IntPrjfolder\SUR 138 kV.ElmNet\Los Cocos.ElmSite\138/34.5 kV Transformador 2 Los Cocos.ElmTr2,ElmTr2,0,0,,,
WLCOCE_WLCOCK-T3,138/34.5 kV Transformador 3 Los Cocos,\VM-PF.IntUser\PDD 30-09-2025.IntPrj\Network Model.IntPrjfolder\Network Data.IntPrjfolder\SUR 138 kV.ElmNet\Los Cocos.ElmSite\138/34.5 kV Transformador 3 Los Cocos.ElmTr2,ElmTr2,0,0,,,
WLCOCE_WLCOCK-T4,138/34.5 kV Transformador 4 Los Cocos,\VM-PF.IntUser\PDD 30-09-2025.IntPrj\Network Model.IntPrjfolder\Network Data.IntPrjfolder\SUR 138 kV.ElmNet\Los Cocos.ElmSite\138/34.5 kV Transformador 4 Los Cocos.ElmTr2,ElmTr2,0,0,,,
WPLM1E_WPLM1K-T1,138/13.8 kV Transformador Palomino 1,\VM-PF.IntUser\PDD 30-09-2025.IntPrj\Network Model.IntPrjfolder\Network Data.IntPrjfolder\SUR 138 kV.ElmNet\Palomino.ElmSite\138/13.8 kV Transformador Palomino 1.ElmTr2,ElmTr2,0,0,,,
WPLM2E_WPLM2K-T1,138/13.8 kV Transformador Palomino 2,\VM-PF.IntUser\PDD 30-09-2025.IntPrj\Network Model.IntPrjfolder\Network Data.IntPrjfolder\SUR 138 kV.ElmNet\Palomino.ElmSite\138/13.8 kV Transformador Palomino 2.ElmTr2,ElmTr2,0,0,,,
WPAK2E_WXPA1K-T1,154/11 kV Transformador 1 Powership Azua,\VM-PF.IntUser\PDD 30-09-2025.IntPrj\Network Model.IntPrjfolder\Network Data.IntPrjfolder\SUR 138 kV.ElmNet\POWERSHIP AZUA KPS 26.ElmSite\154/11 kV Transformador 1 Powership Azua.ElmTr2,ElmTr2,-8,0,,,
WPAK2E_WXPA2K-T1,154/11 kV Transformador 2 Powership Azua,\VM-PF.IntUser\PDD 30-09-2025.IntPrj\Network Model.IntPrjfolder\Network Data.IntPrjfolder\SUR 138 kV.ElmNet\POWERSHIP AZUA KPS 26.ElmSite\154/11 kV Transformador 2 Powership Azua.ElmTr2,ElmTr2,-8,0,,,
WPAK6E_WXPA3K-T1,154/15 kV Transformador 1 Powership Azua,\VM-PF.IntUser\PDD 30-09-2025.IntPrj\Network Model.IntPrjfolder\Network Data.IntPrjfolder\SUR 138 kV.ElmNet\POWERSHIP AZUA KPS 60.ElmSite\154/15 kV Transformador 1 Powership Azua.ElmTr2,ElmTr2,-6,0,,,
WPALBE_WPAQ2K-T1,138/4.16 kV Transformador 1 Palenque,\VM-PF.IntUser\PDD 30-09-2025.IntPrj\Network Model.IntPrjfolder\Network Data.IntPrjfolder\SUR 138 kV.ElmNet\Palenque.ElmSite\138/4.16 kV Transformador 1 Palenque.ElmTr2,ElmTr2,-1,0,,,
WPALBE_WPAQ2K-T2,138/4.16 kV Transformador 2 Palenque,\VM-PF.IntUser\PDD 30-09-2025.IntPrj\Network Model.IntPrjfolder\Network Data.IntPrjfolder\SUR 138 kV.ElmNet\Palenque.ElmSite\138/4.16 kV Transformador 2 Palenque.ElmTr2,ElmTr2,2,0,,,
WCC21E_WCCA2F-T1,138/69 kV Transformado Cruce de Cabral 2,\VM-PF.IntUser\PDD 30-09-2025.IntPrj\Network Model.IntPrjfolder\Network Data.IntPrjfolder\SUR 138 kV.ElmNet\Cruce de Cabral 2.ElmSite\138/69 kV Transformado Cruce de Cabral 2.ElmTr2,ElmTr2,6,0,,,
WSJU2E_WSJU2F-T1,138/69 kV Transformador San Juan 2,\VM-PF.IntUser\PDD 30-09-2025.IntPrj\Network Model.IntPrjfolder\Network Data.IntPrjfolder\SUR 138 kV.ElmNet\San Juan 2.ElmSite\138/69 kV Transformador San Juan 2.ElmTr2,ElmTr2,8,0,,,
WPIZAE_WPIZAF-T1,138/69 kV Transformador 1 Pizarrete,\VM-PF.IntUser\PDD 30-09-2025.IntPrj\Network Model.IntPrjfolder\Network Data.IntPrjfolder\SUR 138 kV.ElmNet\Pizarrete.ElmSite\138/69 kV Transformador 1 Pizarrete.ElmTr2,ElmTr2,8,0,,,
WMTFNE_WMTFNK-T1,138/34.5 kV Transformador Matafongo,\VM-PF.IntUser\PDD 30-09-2025.IntPrj\Network Model.IntPrjfolder\Network Data.IntPrjfolder\SUR 138 kV.ElmNet\Matafongo.ElmSite\138/34.5 kV Transformador Matafongo.ElmTr2,ElmTr2,0,0,,,
WBAYAE_WBAYAK-T1,138/34.5 kV Transformador Bayasol,\VM-PF.IntUser\PDD 30-09-2025.IntPrj\Network Model.IntPrjfolder\Network Data.IntPrjfolder\SUR 138 kV.ElmNet\Bayasol.ElmSite\138/34.5 kV Transformador Bayasol.ElmTr2,ElmTr2,0,0,,,
WGIRAE_WGIRAK-T1,138/34.5 kV Transformador 1 Girasol,\VM-PF.IntUser\PDD 30-09-2025.IntPrj\Network Model.IntPrjfolder\Network Data.IntPrjfolder\SUR 138 kV.ElmNet\Girasol.ElmSite\138/34.5 kV Transformador 1 Girasol.ElmTr2,ElmTr2,0,0,,,
WGIRAE_WGIRAK-T2,138/34.5 kV Transformador 2 Girasol,\VM-PF.IntUser\PDD 30-09-2025.IntPrj\Network Model.IntPrjfolder\Network Data.IntPrjfolder\SUR 138 kV.ElmNet\Girasol.ElmSite\138/34.5 kV Transformador 2 Girasol.ElmTr2,ElmTr2,0,0,,,
WSANTE_WSANTK-T1,138/34.5 kV Transformador Santanasol,\VM-PF.IntUser\PDD 30-09-2025.IntPrj\Network Model.IntPrjfolder\Network Data.IntPrjfolder\SUR 138 kV.ElmNet\Santanasol.ElmSite\138/34.5 kV Transformador Santanasol.ElmTr2,ElmTr2,0,0,,,
WCALAE_WXCA1K-T1,138/34.5 kV Transformador PF Calabaza 1,\VM-PF.IntUser\PDD 30-09-2025.IntPrj\Network Model.IntPrjfolder\Network Data.IntPrjfolder\SUR 138 kV.ElmNet\Calabaza.ElmSite\138/34.5 kV Transformador PF Calabaza 1.ElmTr2,ElmTr2,-8,0,,,
WKQA1E_WPES1K-T1,138/34.5 kV Transformador Peravia Solar,\VM-PF.IntUser\PDD 30-09-2025.IntPrj\Network Model.IntPrjfolder\Network Data.IntPrjfolder\SUR 138 kV.ElmNet\138/34.5 kV Transformador Peravia Solar.ElmTr2,ElmTr2,11,0,,,
WKQA1E_WPES2K-T1,138/34.5 kV Transformador Peravia Sola2,\VM-PF.IntUser\PDD 30-09-2025.IntPrj\Network Model.IntPrjfolder\Network Data.IntPrjfolder\SUR 138 kV.ElmNet\138/34.5 kV Transformador Peravia Sola2.ElmTr2,ElmTr2,11,0,,,
WMETEE_WMETEF-T1,138/69 kV S/E Móvil ETED,\VM-PF.IntUser\PDD 30-09-2025.IntPrj\Network Model.IntPrjfolder\Network Data.IntPrjfolder\SUR 138 kV.ElmNet\S/E Móvil ETED.ElmSite\138/69 kV S/E Móvil ETED.ElmTr2,ElmTr2,14,0,,,
WPAK5E_WXPA4K-T1,154/11 kV Powership Azua KPS56 T1,\VM-PF.IntUser\PDD 30-09-2025.IntPrj\Network Model.IntPrjfolder\Network Data.IntPrjfolder\SUR 138 kV.ElmNet\154/11 kV Powership Azua KPS56 T1.ElmTr2,ElmTr2,10,0,,,
WAHO1E_WAHONF-T1,138/69 kV Transformador Arroyo Hondo,\VM-PF.IntUser\PDD 30-09-2025.IntPrj\Network Model.IntPrjfolder\Network Data.IntPrjfolder\CENTRAL 138 kV.ElmNet\Arroyo Hondo.ElmSite\138/69 kV Transformador Arroyo Hondo.ElmTr2,ElmTr2,11,0,,,
WHERRE_WHNVAF-T1,138/69 kV Transformador Herrera,\VM-PF.IntUser\PDD 30-09-2025.IntPrj\Network Model.IntPrjfolder\Network Data.IntPrjfolder\CENTRAL 138 kV.ElmNet\Herrera.ElmSite\138/69 kV Transformador Herrera.ElmTr2,ElmTr2,16,0,,,
WDJAOE_WDJAOF-T1,138/69 kV Transformador Dajao,\VM-PF.IntUser\PDD 30-09-2025.IntPrj\Network Model.IntPrjfolder\Network Data.IntPrjfolder\CENTRAL 138 kV.ElmNet\Dajao.ElmSite\138/69 kV Transformador Dajao.ElmTr2,ElmTr2,1,0,,,
WBCHIE_WBCHIF-T1,138/69 kV Transformador Boca Chica,\VM-PF.IntUser\PDD 30-09-2025.IntPrj\Network Model.IntPrjfolder\Network Data.IntPrjfolder\CENTRAL 138 kV.ElmNet\Boca Chica.ElmSite\138/69 kV Transformador Boca Chica.ElmTr2,ElmTr2,7,0,,,
WHNSAE_WHNSAF-T1,138/69 kV Transformador Hainamosa,\VM-PF.IntUser\PDD 30-09-2025.IntPrj\Network Model.IntPrjfolder\Network Data.IntPrjfolder\CENTRAL 138 kV.ElmNet\Hainamosa.ElmSite\138/69 kV Transformador Hainamosa.ElmTr2,ElmTr2,13,0,,,
WVDUAE_WVDUAF-T1,138/69 kV Transformador Villa Duarte,\VM-PF.IntUser\PDD 30-09-2025.IntPrj\Network Model.IntPrjfolder\Network Data.IntPrjfolder\CENTRAL 138 kV.ElmNet\Villa Duarte.ElmSite\138/69 kV Transformador Villa Duarte.ElmTr2,ElmTr2,5,0,,,
WLMI6E_WLMI6K-T1,138/13.8 kV Transformador Los Mina 6,\VM-PF.IntUser\PDD 30-09-2025.IntPrj\Network Model.IntPrjfolder\Network Data.IntPrjfolder\CENTRAL 138 kV.ElmNet\Los Mina 6.ElmSite\138/13.8 kV Transformador Los Mina 6.ElmTr2,ElmTr2,2,0,,,
WAANDE_WAANVK-T1,138/13.8 kV Transformador AES Andrés TV,\VM-PF.IntUser\PDD 30-09-2025.IntPrj\Network Model.IntPrjfolder\Network Data.IntPrjfolder\CENTRAL 138 kV.ElmNet\AES Andrés.ElmSite\138/13.8 kV Transformador AES Andrés TV.ElmTr2,ElmTr2,2,0,,,
WAANDE_WAANGK-T1,138/19 kV Transformador AES Andrés TG,\VM-PF.IntUser\PDD 30-09-2025.IntPrj\Network Model.IntPrjfolder\Network Data.IntPrjfolder\CENTRAL 138 kV.ElmNet\AES Andrés.ElmSite\138/19 kV Transformador AES Andrés TG.ElmTr2,ElmTr2,2,0,,,
WAANDE_WXBAAK-T1,138/4.16 kV BESS AES Andrés T1,\VM-PF.IntUser\PDD 30-09-2025.IntPrj\Network Model.IntPrjfolder\Network Data.IntPrjfolder\CENTRAL 138 kV.ElmNet\AES Andrés.ElmSite\138/4.16 kV BESS AES Andrés T1.ElmTr2,ElmTr2,0,0,,,
WMETAE_WMETAK-T1,138/13.2 kV Transformador METALDOM,\VM-PF.IntUser\PDD 30-09-2025.IntPrj\Network Model.IntPrjfolder\Network Data.IntPrjfolder\CENTRAL 138 kV.ElmNet\METALDOM.ElmSite\138/13.2 kV Transformador METALDOM.ElmTr2,ElmTr2,0,0,,,
WTIM2E_WTIM2F-T1,138/69 kV Transformador Timbeque 2,\VM-PF.IntUser\PDD 30-09-2025.IntPrj\Network Model.IntPrjfolder\Network Data.IntPrjfolder\CENTRAL 138 kV.ElmNet\Timbeque 2.ElmSite\138/69 kV Transformador Timbeque 2.ElmTr2,ElmTr2,15,0,,,
WLMI5E_WLMI5K-T1,138/13.8 kV Transformador Los Mina 5,\VM-PF.IntUser\PDD 30-09-2025.IntPrj\Network Model.IntPrjfolder\Network Data.IntPrjfolder\CENTRAL 138 kV.ElmNet\Los Mina 5.ElmSite\138/13.8 kV Transformador Los Mina 5.ElmTr2,ElmTr2,2,0,,,
WPALAE_WPALBF-T1,138/69 kV Transformador 1 Palamara,\VM-PF.IntUser\PDD 30-09-2025.IntPrj\Network Model.IntPrjfolder\Network Data.IntPrjfolder\CENTRAL 138 kV.ElmNet\Palamara.ElmSite\138/69 kV Transformador 1 Palamara.ElmTr2,ElmTr2,11,0,,,
WPALAE_WPALAF-T1,138/69 kV Transformador 2 Palamara,\VM-PF.IntUser\PDD 30-09-2025.IntPrj\Network Model.IntPrjfolder\Network Data.IntPrjfolder\CENTRAL 138 kV.ElmNet\Palamara.ElmSite\138/69 kV Transformador 2 Palamara.ElmTr2,ElmTr2,5,0,,,
WEMA2E_WEMA2K-T1,138/13.8 kV Transformador EDM2,\VM-PF.IntUser\PDD 30-09-2025.IntPrj\Network Model.IntPrjfolder\Network Data.IntPrjfolder\CENTRAL 138 kV.ElmNet\EDM 2.ElmSite\138/13.8 kV Transformador EDM2.ElmTr2,ElmTr2,0,0,,,
WMP2AE_WXWC2K-T1,138/34.5 kV Transformador WCSP 2,\VM-PF.IntUser\PDD 30-09-2025.IntPrj\Network Model.IntPrjfolder\Network Data.IntPrjfolder\CENTRAL 138 kV.ElmNet\Mata de Palma 2.ElmSite\138/34.5 kV Transformador WCSP 2.ElmTr2,ElmTr2,0,0,,,
WMP2BE_WXWC3K-T1,138/34.5 kV Transformador WCSP 3,\VM-PF.IntUser\PDD 30-09-2025.IntPrj\Network Model.IntPrjfolder\Network Data.IntPrjfolder\CENTRAL 138 kV.ElmNet\Mata de Palma 2.ElmSite\138/34.5 kV Transformador WCSP 3.ElmTr2,ElmTr2,0,0,,,
WLMI7E_WLMI7K-T1,138/13.8 kV Transformador Los Mina 7,\VM-PF.IntUser\PDD 30-09-2025.IntPrj\Network Model.IntPrjfolder\Network Data.IntPrjfolder\CENTRAL 138 kV.ElmNet\Los Mina 7.ElmSite\138/13.8 kV Transformador Los Mina 7.ElmTr2,ElmTr2,2,0,,,
WMETRE_WMETRF-T2,138/69 kV Transformador Metropolitano 2,\VM-PF.IntUser\PDD 30-09-2025.IntPrj\Network Model.IntPrjfolder\Network Data.IntPrjfolder\CENTRAL 138 kV.ElmNet\Metropolitano.ElmSite\138/69 kV Transformador Metropolitano 2.ElmTr2,ElmTr2,10,0,,,
WHNS1E_WLVICK-T1,138/34.5 kV Transformador La Victoria,\VM-PF.IntUser\PDD 30-09-2025.IntPrj\Network Model.IntPrjfolder\Network Data.IntPrjfolder\CENTRAL 138 kV.ElmNet\La Victoria.ElmSite\138/34.5 kV Transformador La Victoria.ElmTr2,ElmTr2,0,0,,,
WMIRAE_WMIRAK-T1,138/34.5 kV Transformador Mirasol,\VM-PF.IntUser\PDD 30-09-2025.IntPrj\Network Model.IntPrjfolder\Network Data.IntPrjfolder\CENTRAL 138 kV.ElmNet\Mirasol(1).ElmSite\138/34.5 kV Transformador Mirasol.ElmTr2,ElmTr2,0,0,,,
WSIBAE_WXSI1K-T1,138/13.8 kV Trafo SIBA Grupo 1,\VM-PF.IntUser\PDD 30-09-2025.IntPrj\Network Model.IntPrjfolder\Network Data.IntPrjfolder\CENTRAL 138 kV.ElmNet\SIBA.ElmSite\138/13.8 kV Trafo SIBA Grupo 1.ElmTr2,ElmTr2,-2,0,,,
WSIBAE_WXSI2K-T1,138/13.8 kV Trafo SIBA Grupo 2,\VM-PF.IntUser\PDD 30-09-2025.IntPrj\Network Model.IntPrjfolder\Network Data.IntPrjfolder\CENTRAL 138 kV.ElmNet\SIBA.ElmSite\138/13.8 kV Trafo SIBA Grupo 2.ElmTr2,ElmTr2,-2,0,,,
WSIBAE_WXSI3K-T1,138/13.8 kV Trafo SIBA Grupo 3,\VM-PF.IntUser\PDD 30-09-2025.IntPrj\Network Model.IntPrjfolder\Network Data.IntPrjfolder\CENTRAL 138 kV.ElmNet\SIBA.ElmSite\138/13.8 kV Trafo SIBA Grupo 3.ElmTr2,ElmTr2,-2,0,,,
WSIBAE_WXSI4K-T1,138/13.8 kV Trafo SIBA Grupo 4,\VM-PF.IntUser\PDD 30-09-2025.IntPrj\Network Model.IntPrjfolder\Network Data.IntPrjfolder\CENTRAL 138 kV.ElmNet\SIBA.ElmSite\138/13.8 kV Trafo SIBA Grupo 4.ElmTr2,ElmTr2,-2,0,,,
WSIBBE_WXSI5K-T1,138/13.8 kV Trafo SIBA Grupo 5,\VM-PF.IntUser\PDD 30-09-2025.IntPrj\Network Model.IntPrjfolder\Network Data.IntPrjfolder\CENTRAL 138 kV.ElmNet\SIBA.ElmSite\138/13.8 kV Trafo SIBA Grupo 5.ElmTr2,ElmTr2,-2,0,,,
WSIBAE_WXSI6K-T1,138/13.8 kV Trafo SIBA Grupo 6,\VM-PF.IntUser\PDD 30-09-2025.IntPrj\Network Model.IntPrjfolder\Network Data.IntPrjfolder\CENTRAL 138 kV.ElmNet\SIBA.ElmSite\138/13.8 kV Trafo SIBA Grupo 6.ElmTr2,ElmTr2,-2,0,,,
WLMI6E_WXSALMK-T1,138/4.16 kV SA Parque Energ. Los Mina,\VM-PF.IntUser\PDD 30-09-2025.IntPrj\Network Model.IntPrjfolder\Network Data.IntPrjfolder\CENTRAL 138 kV.ElmNet\138/4.16 kV SA Parque Energ. Los Mina.ElmTr2,ElmTr2,0,0,,,
WPINAF_WPIN2K-T1,69/13.8 kV Transformador Pinalito 2,\VM-PF.IntUser\PDD 30-09-2025.IntPrj\Network Model.IntPrjfolder\Network Data.IntPrjfolder\NORTE 69 kV.ElmNet\Pinalito.ElmSite\69/13.8 kV Transformador Pinalito 2.ElmTr2,ElmTr2,0,0,,,
WPINAF_WPIN1K-T1,69/13.8 kV Transformador Pinalito 1,\VM-PF.IntUser\PDD 30-09-2025.IntPrj\Network Model.IntPrjfolder\Network Data.IntPrjfolder\NORTE 69 kV.ElmNet\Pinalito.ElmSite\69/13.8 kV Transformador Pinalito 1.ElmTr2,ElmTr2,0,0,,,
WRBLAF_WRBL2K-T1,69/13.8 kV Transformador Río Blanco 2,\VM-PF.IntUser\PDD 30-09-2025.IntPrj\Network Model.IntPrjfolder\Network Data.IntPrjfolder\NORTE 69 kV.ElmNet\Río Blanco.ElmSite\69/13.8 kV Transformador Río Blanco 2.ElmTr2,ElmTr2,1,0,,,
WRBLAF_WRBL1K-T1,69/13.8 kV Transformador Río Blanco 1,\VM-PF.IntUser\PDD 30-09-2025.IntPrj\Network Model.IntPrjfolder\Network Data.IntPrjfolder\NORTE 69 kV.ElmNet\Río Blanco.ElmSite\69/13.8 kV Transformador Río Blanco 1.ElmTr2,ElmTr2,1,0,,,
WRINCF_WRINCK-T1,69/12.5 kV Transformador Rincón,\VM-PF.IntUser\PDD 30-09-2025.IntPrj\Network Model.IntPrjfolder\Network Data.IntPrjfolder\NORTE 69 kV.ElmNet\Rincón.ElmSite\69/12.5 kV Transformador Rincón.ElmTr2,ElmTr2,0,0,,,
WNAGUF_WRJCRK-T1,69/4.16 kV Transformador Rosa Julia Cruz,\VM-PF.IntUser\PDD 30-09-2025.IntPrj\Network Model.IntPrjfolder\Network Data.IntPrjfolder\NORTE 69 kV.ElmNet\Nagua/Rosa Julia de la Cruz.ElmSite\69/4.16 kV Transformador Rosa Julia Cruz.ElmTr2,ElmTr2,0,0,,,
WCONSF_WESALK-T1,69/12.5 kV Transformador El Salto,\VM-PF.IntUser\PDD 30-09-2025.IntPrj\Network Model.IntPrjfolder\Network Data.IntPrjfolder\NORTE 69 kV.ElmNet\Constanza/El Salto.ElmSite\69/12.5 kV Transformador El Salto.ElmTr2,ElmTr2,0,0,,,
WGVEBF_WLVE1K-T1,69/13.8 kV Transformador La Vega Grupo 1,\VM-PF.IntUser\PDD 30-09-2025.IntPrj\Network Model.IntPrjfolder\Network Data.IntPrjfolder\NORTE 69 kV.ElmNet\Diésel La Vega.ElmSite\69/13.8 kV Transformador La Vega Grupo 1.ElmTr2,ElmTr2,4,0,,,
WGVEGF_WLVE2K-T1,69/13.8 kV Transformador La Vega Grupo 2,\VM-PF.IntUser\PDD 30-09-2025.IntPrj\Network Model.IntPrjfolder\Network Data.IntPrjfolder\NORTE 69 kV.ElmNet\Diésel La Vega.ElmSite\69/13.8 kV Transformador La Vega Grupo 2.ElmTr2,ElmTr2,4,0,,,
WBPERF_WAVA1K-T1,69/12.5 kV Transformador Aniana Vargas,\VM-PF.IntUser\PDD 30-09-2025.IntPrj\Network Model.IntPrjfolder\Network Data.IntPrjfolder\NORTE 69 kV.ElmNet\Bonao PER/Anaiana Vargas.ElmSite\69/12.5 kV Transformador Aniana Vargas.ElmTr2,ElmTr2,0,0,,,
WJIMEF_WJIMEK-T1,69/12.5 kV Transformador Jimenoa,\VM-PF.IntUser\PDD 30-09-2025.IntPrj\Network Model.IntPrjfolder\Network Data.IntPrjfolder\NORTE 69 kV.ElmNet\Jimenoa.ElmSite\69/12.5 kV Transformador Jimenoa.ElmTr2,ElmTr2,0,0,,,
WHATIF_WHATIK-T1,69/12.5 kV Transformador Hatillo 1,\VM-PF.IntUser\PDD 30-09-2025.IntPrj\Network Model.IntPrjfolder\Network Data.IntPrjfolder\NORTE 69 kV.ElmNet\Hatillo.ElmSite\69/12.5 kV Transformador Hatillo 1.ElmTr2,ElmTr2,2,0,,,
WHATIF_WHAT2K-T1,69/12.5 kV Transformador Hatillo 2,\VM-PF.IntUser\PDD 30-09-2025.IntPrj\Network Model.IntPrjfolder\Network Data.IntPrjfolder\NORTE 69 kV.ElmNet\Hatillo.ElmSite\69/12.5 kV Transformador Hatillo 2.ElmTr2,ElmTr2,0,0,,,
WBDERF_WBDERK-T1,69/13.8 kV Transformador Brazo Derecho,\VM-PF.IntUser\PDD 30-09-2025.IntPrj\Network Model.IntPrjfolder\Network Data.IntPrjfolder\NORTE 69 kV.ElmNet\Brazo Derecho.ElmSite\69/13.8 kV Transformador Brazo Derecho.ElmTr2,ElmTr2,0,0,,,
WPDORE_WPDORF-T1,138/69 kV Trafo Playa Dorada,\VM-PF.IntUser\PDD 30-09-2025.IntPrj\Network Model.IntPrjfolder\Network Data.IntPrjfolder\NORTE 69 kV.ElmNet\138/69 kV Trafo Playa Dorada.ElmTr2,ElmTr2,12,0,,,
WEMA3F_WEMA3K-T1,66/13.8/13.8 kV Transformador EDM3,\VM-PF.IntUser\PDD 30-09-2025.IntPrj\Network Model.IntPrjfolder\Network Data.IntPrjfolder\CENTRAL 69 kV.ElmNet\EDM 3.ElmSite\66/13.8/13.8 kV Transformador EDM3.ElmTr3,ElmTr3,,0,0,0,0
WSFELE_WSFEGK-T1,138/13.8 kV Transformador San Felipe,\VM-PF.IntUser\PDD 30-09-2025.IntPrj\Network Model.IntPrjfolder\Network Data.IntPrjfolder\NORTE 138 kV.ElmNet\138/13.8 kV Transformador San Felipe.ElmTr3,ElmTr3,,1,-1,0,0
WMETRE_WMETRF-T1,138/69 kV Transformador Metropolitano,\VM-PF.IntUser\PDD 30-09-2025.IntPrj\Network Model.IntPrjfolder\Network Data.IntPrjfolder\CENTRAL 138 kV.ElmNet\Metropolitano.ElmSite\138/69 kV Transformador Metropolitano.ElmTr3,ElmTr3,,1,0,0,0
