for_name,loc_name,ruta,P_MW,Q_Mvar,escala,outserv
ZRCHAF-D1,Demanda Río Chavón,\VM-PF.IntUser\PDD 30-09-2025.IntPrj\Network Model.IntPrjfolder\Network Data.IntPrjfolder\ESTE 69 kV.ElmNet\Demanda Río Chavón.ElmLod,1.2000000476837158,0.38999998569488525,1.0,0
ZBVISF-D1,Demanda Buena Vista,\VM-PF.IntUser\PDD 30-09-2025.IntPrj\Network Model.IntPrjfolder\Network Data.IntPrjfolder\ESTE 69 kV.ElmNet\Demanda Buena Vista.ElmLod,15.0600004196167,4.389999866485596,1.0,0
ZBENEF-D1,Demanda Benedicto,\VM-PF.IntUser\PDD 30-09-2025.IntPrj\Network Model.IntPrjfolder\Network Data.IntPrjfolder\ESTE 69 kV.ElmNet\Demanda Benedicto.ElmLod,1.149999976158142,0.3799999952316284,1.0,0
ZHIGUF-D1,Demanda Higüey 69 kV,\VM-PF.IntUser\PDD 30-09-2025.IntPrj\Network Model.IntPrjfolder\Network Data.IntPrjfolder\ESTE 69 kV.ElmNet\Demanda Higüey 69 kV.ElmLod,23.520000457763672,7.730000019073486,1.0,0
ZLRMAF-D1,Demanda 1 La Romana Pueblo,\VM-PF.IntUser\PDD 30-09-2025.IntPrj\Network Model.IntPrjfolder\Network Data.IntPrjfolder\ESTE 69 kV.ElmNet\Demanda 1 La Romana Pueblo.ElmLod,6.369999885559082,2.0899999141693115,1.0,0
ZBLECF-D1,Demanda Batey Lechuga,\VM-PF.IntUser\PDD 30-09-2025.IntPrj\Network Model.IntPrjfolder\Network Data.IntPrjfolder\ESTE 69 kV.ElmNet\Demanda Batey Lechuga.ElmLod,0.14000000059604645,0.05999999865889549,1.0,0
ZGUAYF-D1,Demanda Guaymate,\VM-PF.IntUser\PDD 30-09-2025.IntPrj\Network Model.IntPrjfolder\Network Data.IntPrjfolder\ESTE 69 kV.ElmNet\Demanda Guaymate.ElmLod,0.9599999785423279,0.4099999964237213,1.0,0
ZRPELF-D1,Demanda Rancho Peligro,\VM-PF.IntUser\PDD 30-09-2025.IntPrj\Network Model.IntPrjfolder\Network Data.IntPrjfolder\ESTE 69 kV.ElmNet\Demanda Rancho Peligro.ElmLod,0.019999999552965164,0.009999999776482582,1.0,0
ZCSULF-D1,Demanda Consuelo,\VM-PF.IntUser\PDD 30-09-2025.IntPrj\Network Model.IntPrjfolder\Network Data.IntPrjfolder\ESTE 69 kV.ElmNet\Demanda Consuelo.ElmLod,10.350000381469727,4.079999923706055,1.0,0
ZSMARF-D1,Demanda Sabana de la Mar,\VM-PF.IntUser\PDD 30-09-2025.IntPrj\Network Model.IntPrjfolder\Network Data.IntPrjfolder\ESTE 69 kV.ElmNet\Demanda Sabana de la Mar.ElmLod,4.710000038146973,2.2799999713897705,1.0,0
ZHMAYF-D1,Demanda Hato Mayor,\VM-PF.IntUser\PDD 30-09-2025.IntPrj\Network Model.IntPrjfolder\Network Data.IntPrjfolder\ESTE 69 kV.ElmNet\Demanda Hato Mayor.ElmLod,14.3100004196167,6.099999904632568,1.0,0
ZXDBRF-D1,Demanda Destilería Brugal,\VM-PF.IntUser\PDD 30-09-2025.IntPrj\Network Model.IntPrjfolder\Network Data.IntPrjfolder\ESTE 69 kV.ElmNet\Demanda Destilería Brugal.ElmLod,1.0399999618530273,0.4699999988079071,1.0,0
ZZSPAF-D1,Demanda ZF San Pedro AES,\VM-PF.IntUser\PDD 30-09-2025.IntPrj\Network Model.IntPrjfolder\Network Data.IntPrjfolder\ESTE 69 kV.ElmNet\Demanda ZF San Pedro AES.ElmLod,36.599998474121094,1.690000057220459,1.0,0
ZZSPCF-D1,Demanda ZF San Pedro Chentec,\VM-PF.IntUser\PDD 30-09-2025.IntPrj\Network Model.IntPrjfolder\Network Data.IntPrjfolder\ESTE 69 kV.ElmNet\Demanda ZF San Pedro Chentec.ElmLod,0.8600000143051147,0.2800000011920929,1.0,0
ZYAMAF-D1,Demanda Yamasá,\VM-PF.IntUser\PDD 30-09-2025.IntPrj\Network Model.IntPrjfolder\Network Data.IntPrjfolder\ESTE 69 kV.ElmNet\Demanda Yamasá.ElmLod,15.979999542236328,5.78000020980835,1.0,0
ZMPLAF-D1,Demanda 1 Monte Plata,\VM-PF.IntUser\PDD 30-09-2025.IntPrj\Network Model.IntPrjfolder\Network Data.IntPrjfolder\ESTE 69 kV.ElmNet\Demanda 1 Monte Plata.ElmLod,14.479999542236328,5.369999885559082,1.0,0
ZGUAVF-D1,Demanda Guavaberry,\VM-PF.IntUser\PDD 30-09-2025.IntPrj\Network Model.IntPrjfolder\Network Data.IntPrjfolder\ESTE 69 kV.ElmNet\Demanda Guavaberry.ElmLod,0.3199999928474426,0.5099999904632568,1.0,0
ZXCIGF-D1,Demanda César Iglesias,\VM-PF.IntUser\PDD 30-09-2025.IntPrj\Network Model.IntPrjfolder\Network Data.IntPrjfolder\ESTE 69 kV.ElmNet\Demanda César Iglesias.ElmLod,6.599999904632568,3.009999990463257,1.0,0
ZMPSOK-D1,SSAA Monte Plata Solar,\VM-PF.IntUser\PDD 30-09-2025.IntPrj\Network Model.IntPrjfolder\Network Data.IntPrjfolder\ESTE 69 kV.ElmNet\Monte Plata Solar.ElmSite\SSAA Monte Plata Solar.ElmLod,0.0,0.0,1.0,1
ZLRMAF-D2,Demanda 2 La Romana Pueblo,\VM-PF.IntUser\PDD 30-09-2025.IntPrj\Network Model.IntPrjfolder\Network Data.IntPrjfolder\ESTE 69 kV.ElmNet\Demanda 2 La Romana Pueblo.ElmLod,9.989999771118164,3.2799999713897705,1.0,0
ZMPLAF-D2,Demanda 2 Monte Plata,\VM-PF.IntUser\PDD 30-09-2025.IntPrj\Network Model.IntPrjfolder\Network Data.IntPrjfolder\ESTE 69 kV.ElmNet\Demanda 2 Monte Plata.ElmLod,12.930000305175781,4.800000190734863,1.0,0
ZSPRIF-D1,Demanda Sierra Prieta,\VM-PF.IntUser\PDD 30-09-2025.IntPrj\Network Model.IntPrjfolder\Network Data.IntPrjfolder\ESTE 69 kV.ElmNet\Demanda Sierra Prieta.ElmLod,2.25,0.9599999785423279,1.0,0
ZSES1K-D1,SSAA Sultana del Este 1,\VM-PF.IntUser\PDD 30-09-2025.IntPrj\Network Model.IntPrjfolder\Network Data.IntPrjfolder\ESTE 69 kV.ElmNet\SSAA Sultana del Este 1.ElmLod,0.9100000262260437,0.38999998569488525,1.0,0
ZLRMAF-D3,Demanda 3 La Romana Pueblo,\VM-PF.IntUser\PDD 30-09-2025.IntPrj\Network Model.IntPrjfolder\Network Data.IntPrjfolder\ESTE 69 kV.ElmNet\Demanda 3 La Romana Pueblo.ElmLod,12.800000190734863,4.210000038146973,1.0,0
ZHNUEF-D1,Demanda Hato Nuevo,\VM-PF.IntUser\PDD 30-09-2025.IntPrj\Network Model.IntPrjfolder\Network Data.IntPrjfolder\CENTRAL 69 kV.ElmNet\Demanda Hato Nuevo.ElmLod,7.550000190734863,3.180000066757202,1.0,0
ZGMALF-D1,Demanda Grupo Malla,\VM-PF.IntUser\PDD 30-09-2025.IntPrj\Network Model.IntPrjfolder\Network Data.IntPrjfolder\CENTRAL 69 kV.ElmNet\Demanda Grupo Malla.ElmLod,2.559999942779541,0.7799999713897705,1.0,0
ZLCUAF-D1,Demanda La Cuarenta,\VM-PF.IntUser\PDD 30-09-2025.IntPrj\Network Model.IntPrjfolder\Network Data.IntPrjfolder\CENTRAL 69 kV.ElmNet\Demanda La Cuarenta.ElmLod,19.760000228881836,7.090000152587891,1.0,0
ZPLASF-D1,Demanda Plastifar,\VM-PF.IntUser\PDD 30-09-2025.IntPrj\Network Model.IntPrjfolder\Network Data.IntPrjfolder\CENTRAL 69 kV.ElmNet\Demanda Plastifar.ElmLod,7.510000228881836,2.430000066757202,1.0,0
ZPDIVF-D1,Demanda Productos Diversos,\VM-PF.IntUser\PDD 30-09-2025.IntPrj\Network Model.IntPrjfolder\Network Data.IntPrjfolder\CENTRAL 69 kV.ElmNet\Demanda Productos Diversos.ElmLod,2.380000114440918,0.75,1.0,0
ZZALCF-D1,Demanda ZF Los Alcarrizos,\VM-PF.IntUser\PDD 30-09-2025.IntPrj\Network Model.IntPrjfolder\Network Data.IntPrjfolder\CENTRAL 69 kV.ElmNet\Demanda ZF Los Alcarrizos.ElmLod,23.850000381469727,8.380000114440918,1.0,0
ZCSATF-D1,Demanda Ciudad Satélite,\VM-PF.IntUser\PDD 30-09-2025.IntPrj\Network Model.IntPrjfolder\Network Data.IntPrjfolder\CENTRAL 69 kV.ElmNet\Demanda Ciudad Satélite.ElmLod,12.949999809265137,0.07999999821186066,1.0,0
ZXCARF-D1,Demanda Carrefour,\VM-PF.IntUser\PDD 30-09-2025.IntPrj\Network Model.IntPrjfolder\Network Data.IntPrjfolder\CENTRAL 69 kV.ElmNet\Demanda Carrefour.ElmLod,1.5700000524520874,0.5400000214576721,1.0,0
ZBNVIF-D1,Demanda Banco Nacional Vivienda,\VM-PF.IntUser\PDD 30-09-2025.IntPrj\Network Model.IntPrjfolder\Network Data.IntPrjfolder\CENTRAL 69 kV.ElmNet\Demanda Banco Nacional Vivienda.ElmLod,17.579999923706055,16.43000030517578,1.0,0
ZKDMEF-D1,Demanda 2 Kilómetro 10.5,\VM-PF.IntUser\PDD 30-09-2025.IntPrj\Network Model.IntPrjfolder\Network Data.IntPrjfolder\CENTRAL 69 kV.ElmNet\Demanda 2 Kilómetro 10.5.ElmLod,33.84000015258789,12.380000114440918,1.0,0
ZGPETF-D1,Demanda Grupo Petroquímica,\VM-PF.IntUser\PDD 30-09-2025.IntPrj\Network Model.IntPrjfolder\Network Data.IntPrjfolder\CENTRAL 69 kV.ElmNet\Demanda Grupo Petroquímica.ElmLod,8.569999694824219,2.6600000858306885,1.0,0
ZBAYOF-D1,Demanda Bayona,\VM-PF.IntUser\PDD 30-09-2025.IntPrj\Network Model.IntPrjfolder\Network Data.IntPrjfolder\CENTRAL 69 kV.ElmNet\Demanda Bayona.ElmLod,11.130000114440918,3.640000104904175,1.0,0
ZCBYNF-D1,Demanda Caballona,\VM-PF.IntUser\PDD 30-09-2025.IntPrj\Network Model.IntPrjfolder\Network Data.IntPrjfolder\CENTRAL 69 kV.ElmNet\Demanda Caballona.ElmLod,7.320000171661377,3.259999990463257,1.0,0
ZCDAGF-D1,Demanda Campamento 16 de Agosto,\VM-PF.IntUser\PDD 30-09-2025.IntPrj\Network Model.IntPrjfolder\Network Data.IntPrjfolder\CENTRAL 69 kV.ElmNet\Demanda Campamento 16 de Agosto.ElmLod,0.7200000286102295,0.23999999463558197,1.0,0
ZKDMBF-D1,Demanda 1 Kilómetro 10.5,\VM-PF.IntUser\PDD 30-09-2025.IntPrj\Network Model.IntPrjfolder\Network Data.IntPrjfolder\CENTRAL 69 kV.ElmNet\Demanda 1 Kilómetro 10.5.ElmLod,25.510000228881836,10.319999694824219,1.0,0
ZNOVOF-D1,Demanda Novoplast,\VM-PF.IntUser\PDD 30-09-2025.IntPrj\Network Model.IntPrjfolder\Network Data.IntPrjfolder\CENTRAL 69 kV.ElmNet\Demanda Novoplast.ElmLod,5.039999961853027,2.190000057220459,1.0,0
ZCPVCF-D1,Demanda CORVI PVC,\VM-PF.IntUser\PDD 30-09-2025.IntPrj\Network Model.IntPrjfolder\Network Data.IntPrjfolder\CENTRAL 69 kV.ElmNet\Demanda CORVI PVC.ElmLod,2.5299999713897705,0.8299999833106995,1.0,0
ZCBOHF-D1,Demanda Bohemia,\VM-PF.IntUser\PDD 30-09-2025.IntPrj\Network Model.IntPrjfolder\Network Data.IntPrjfolder\CENTRAL 69 kV.ElmNet\Demanda Bohemia.ElmLod,1.600000023841858,0.7699999809265137,1.0,0
ZBPOPF-D1,Demanda Banco Popular,\VM-PF.IntUser\PDD 30-09-2025.IntPrj\Network Model.IntPrjfolder\Network Data.IntPrjfolder\CENTRAL 69 kV.ElmNet\Demanda Banco Popular.ElmLod,1.1799999475479126,0.4300000071525574,1.0,0
ZCOHEF-D1,Demanda Centro Operación Herrrera,\VM-PF.IntUser\PDD 30-09-2025.IntPrj\Network Model.IntPrjfolder\Network Data.IntPrjfolder\CENTRAL 69 kV.ElmNet\Demanda Centro Operación Herrrera.ElmLod,32.310001373291016,0.12999999523162842,1.0,0
ZOFALF-D1,Demanda Oleoducto FALCONDO,\VM-PF.IntUser\PDD 30-09-2025.IntPrj\Network Model.IntPrjfolder\Network Data.IntPrjfolder\CENTRAL 69 kV.ElmNet\Demanda Oleoducto FALCONDO.ElmLod,0.019999999552965164,0.0,1.0,0
ZLDIAF-D1,Demanda Listín Diario,\VM-PF.IntUser\PDD 30-09-2025.IntPrj\Network Model.IntPrjfolder\Network Data.IntPrjfolder\CENTRAL 69 kV.ElmNet\Demanda Listín Diario.ElmLod,0.1899999976158142,0.07999999821186066,1.0,0
ZXCBAF-D1,Demanda CAASD Bayona 1,\VM-PF.IntUser\PDD 30-09-2025.IntPrj\Network Model.IntPrjfolder\Network Data.IntPrjfolder\CENTRAL 69 kV.ElmNet\Demanda CAASD Bayona 1.ElmLod,1.190000057220459,0.4099999964237213,1.0,0
ZXCB2F-D1,Demanda CAASD Bayona 2,\VM-PF.IntUser\PDD 30-09-2025.IntPrj\Network Model.IntPrjfolder\Network Data.IntPrjfolder\CENTRAL 69 kV.ElmNet\Demanda CAASD Bayona 2.ElmLod,1.409999966621399,0.550000011920929,1.0,0
ZXCODF-D1,Demanda CODETEL,\VM-PF.IntUser\PDD 30-09-2025.IntPrj\Network Model.IntPrjfolder\Network Data.IntPrjfolder\CENTRAL 69 kV.ElmNet\Demanda CODETEL.ElmLod,1.7000000476837158,0.4399999976158142,1.0,0
ZGHACF-D1,Demanda Grupo Haché,\VM-PF.IntUser\PDD 30-09-2025.IntPrj\Network Model.IntPrjfolder\Network Data.IntPrjfolder\CENTRAL 69 kV.ElmNet\Demanda Grupo Haché.ElmLod,0.4000000059604645,0.0,1.0,0
ZTEMPF-D1,Demanda Templástica,\VM-PF.IntUser\PDD 30-09-2025.IntPrj\Network Model.IntPrjfolder\Network Data.IntPrjfolder\CENTRAL 69 kV.ElmNet\Demanda Templástica.ElmLod,0.07999999821186066,0.07999999821186066,1.0,0
ZAORIF-D1,Demanda Acueducto Oriental,\VM-PF.IntUser\PDD 30-09-2025.IntPrj\Network Model.IntPrjfolder\Network Data.IntPrjfolder\CENTRAL 69 kV.ElmNet\Demanda Acueducto Oriental.ElmLod,5.369999885559082,4.980000019073486,1.0,0
ZTAMAF-D1,Demanda 1 Tamarindo,\VM-PF.IntUser\PDD 30-09-2025.IntPrj\Network Model.IntPrjfolder\Network Data.IntPrjfolder\CENTRAL 69 kV.ElmNet\Demanda 1 Tamarindo.ElmLod,1.0700000524520874,1.2200000286102295,1.0,0
ZGALAF-D1,Demanda Grupo Alaska,\VM-PF.IntUser\PDD 30-09-2025.IntPrj\Network Model.IntPrjfolder\Network Data.IntPrjfolder\CENTRAL 69 kV.ElmNet\Demanda Grupo Alaska.ElmLod,1.4600000381469727,0.6200000047683716,1.0,0
ZGRCHF-D1,Demanda Grupo Ramos Charles,\VM-PF.IntUser\PDD 30-09-2025.IntPrj\Network Model.IntPrjfolder\Network Data.IntPrjfolder\CENTRAL 69 kV.ElmNet\Demanda Grupo Ramos Charles.ElmLod,0.6100000143051147,0.25999999046325684,1.0,0
ZMEGAF-D1,Demanda Megacentro,\VM-PF.IntUser\PDD 30-09-2025.IntPrj\Network Model.IntPrjfolder\Network Data.IntPrjfolder\CENTRAL 69 kV.ElmNet\Demanda Megacentro.ElmLod,3.7899999618530273,1.7300000190734863,1.0,0
ZGPLAF-D1,Demanda Gomas y Plásticos,\VM-PF.IntUser\PDD 30-09-2025.IntPrj\Network Model.IntPrjfolder\Network Data.IntPrjfolder\CENTRAL 69 kV.ElmNet\Demanda Gomas y Plásticos.ElmLod,0.3700000047683716,0.10000000149011612,1.0,0
ZSPERF-D1,Demanda Sabana Perdida,\VM-PF.IntUser\PDD 30-09-2025.IntPrj\Network Model.IntPrjfolder\Network Data.IntPrjfolder\CENTRAL 69 kV.ElmNet\Demanda Sabana Perdida.ElmLod,28.420000076293945,10.979999542236328,1.0,0
ZLMINF-D1,Demanda Los Mina,\VM-PF.IntUser\PDD 30-09-2025.IntPrj\Network Model.IntPrjfolder\Network Data.IntPrjfolder\CENTRAL 69 kV.ElmNet\Demanda Los Mina.ElmLod,15.609999656677246,5.610000133514404,1.0,0
ZKVENF-D1,Demanda Kilómetro 24,\VM-PF.IntUser\PDD 30-09-2025.IntPrj\Network Model.IntPrjfolder\Network Data.IntPrjfolder\CENTRAL 69 kV.ElmNet\Demanda Kilómetro 24.ElmLod,7.409999847412109,3.859999895095825,1.0,0
ZCAPOF-D1,Demanda 1 Capotillo,\VM-PF.IntUser\PDD 30-09-2025.IntPrj\Network Model.IntPrjfolder\Network Data.IntPrjfolder\CENTRAL 69 kV.ElmNet\Demanda 1 Capotillo.ElmLod,11.779999732971191,4.559999942779541,1.0,0
ZPAL3K-D1,SSAA Palamara Grupo 3,\VM-PF.IntUser\PDD 30-09-2025.IntPrj\Network Model.IntPrjfolder\Network Data.IntPrjfolder\CENTRAL 69 kV.ElmNet\Diésel Palamara.ElmSite\SSAA Palamara Grupo 3.ElmLod,0.25,0.10999999940395355,1.0,0
ZPAL2K-D1,SSAA Palamara Grupo 2,\VM-PF.IntUser\PDD 30-09-2025.IntPrj\Network Model.IntPrjfolder\Network Data.IntPrjfolder\CENTRAL 69 kV.ElmNet\Diésel Palamara.ElmSite\SSAA Palamara Grupo 2.ElmLod,0.7300000190734863,0.3100000023841858,1.0,0
ZPAL1K-D1,SSAA Palamara Grupo 1,\VM-PF.IntUser\PDD 30-09-2025.IntPrj\Network Model.IntPrjfolder\Network Data.IntPrjfolder\CENTRAL 69 kV.ElmNet\Diésel Palamara.ElmSite\SSAA Palamara Grupo 1.ElmLod,1.4600000381469727,0.6200000047683716,1.0,0
ZZMCAF-D1,Demanda Multimodal Caucedo,\VM-PF.IntUser\PDD 30-09-2025.IntPrj\Network Model.IntPrjfolder\Network Data.IntPrjfolder\CENTRAL 69 kV.ElmNet\Demanda Multimodal Caucedo.ElmLod,3.4000000953674316,1.2300000190734863,1.0,0
ZZGILF-D1,Demanda ZF Gildan,\VM-PF.IntUser\PDD 30-09-2025.IntPrj\Network Model.IntPrjfolder\Network Data.IntPrjfolder\CENTRAL 69 kV.ElmNet\Demanda ZF Gildan.ElmLod,5.050000190734863,1.8600000143051147,1.0,0
ZZAMEF-D1,Demanda 1 ZF Las Américas,\VM-PF.IntUser\PDD 30-09-2025.IntPrj\Network Model.IntPrjfolder\Network Data.IntPrjfolder\CENTRAL 69 kV.ElmNet\Demanda 1 ZF Las Américas.ElmLod,0.0,0.0,1.0,1
ZTORGF-D1,Demanda TORGINOL,\VM-PF.IntUser\PDD 30-09-2025.IntPrj\Network Model.IntPrjfolder\Network Data.IntPrjfolder\CENTRAL 69 kV.ElmNet\Demanda TORGINOL.ElmLod,1.9500000476837158,0.009999999776482582,1.0,0
ZSKAPF-D1,Demanda Smurfit Kappa,\VM-PF.IntUser\PDD 30-09-2025.IntPrj\Network Model.IntPrjfolder\Network Data.IntPrjfolder\CENTRAL 69 kV.ElmNet\Demanda Smurfit Kappa.ElmLod,0.9200000166893005,0.38999998569488525,1.0,0
ZPCIBF-D1,Demanda Parque Cibernético,\VM-PF.IntUser\PDD 30-09-2025.IntPrj\Network Model.IntPrjfolder\Network Data.IntPrjfolder\CENTRAL 69 kV.ElmNet\Demanda Parque Cibernético.ElmLod,1.6399999856948853,1.6699999570846558,1.0,0
ZMOZAF-D1,Demanda Molinos del Ozama,\VM-PF.IntUser\PDD 30-09-2025.IntPrj\Network Model.IntPrjfolder\Network Data.IntPrjfolder\CENTRAL 69 kV.ElmNet\Demanda Molinos del Ozama.ElmLod,2.490000009536743,1.0800000429153442,1.0,0
ZMERCF-D1,Demanda MERCASID,\VM-PF.IntUser\PDD 30-09-2025.IntPrj\Network Model.IntPrjfolder\Network Data.IntPrjfolder\CENTRAL 69 kV.ElmNet\Demanda MERCASID.ElmLod,7.269999980926514,3.509999990463257,1.0,0
ZIISAF-D1,Demanda INCA La Isabela,\VM-PF.IntUser\PDD 30-09-2025.IntPrj\Network Model.IntPrjfolder\Network Data.IntPrjfolder\CENTRAL 69 kV.ElmNet\Demanda INCA La Isabela.ElmLod,0.10999999940395355,0.05000000074505806,1.0,0
ZINCAF-D1,Demanda INCA Gerdau,\VM-PF.IntUser\PDD 30-09-2025.IntPrj\Network Model.IntPrjfolder\Network Data.IntPrjfolder\CENTRAL 69 kV.ElmNet\INCA km 22.ElmSite\Demanda INCA Gerdau.ElmLod,7.349999904632568,2.6500000953674316,1.0,0
ZINCAK-D1,SSAA INCA km 22,\VM-PF.IntUser\PDD 30-09-2025.IntPrj\Network Model.IntPrjfolder\Network Data.IntPrjfolder\CENTRAL 69 kV.ElmNet\INCA km 22.ElmSite\SSAA INCA km 22.ElmLod,0.28999999165534973,0.11999999731779099,1.0,0
ZHHIGF-D1,Demanda Harinas del Higuamo,\VM-PF.IntUser\PDD 30-09-2025.IntPrj\Network Model.IntPrjfolder\Network Data.IntPrjfolder\CENTRAL 69 kV.ElmNet\Demanda Harinas del Higuamo.ElmLod,0.8299999833106995,0.3799999952316284,1.0,0
ZDESPF-D1,Demanda 1 Despacho,\VM-PF.IntUser\PDD 30-09-2025.IntPrj\Network Model.IntPrjfolder\Network Data.IntPrjfolder\CENTRAL 69 kV.ElmNet\Demanda 1 Despacho.ElmLod,4.139999866485596,1.350000023841858,1.0,0
ZCCARF-D1,Demanda Cartonera del Caribe,\VM-PF.IntUser\PDD 30-09-2025.IntPrj\Network Model.IntPrjfolder\Network Data.IntPrjfolder\CENTRAL 69 kV.ElmNet\Demanda Cartonera del Caribe.ElmLod,0.8399999737739563,0.8399999737739563,1.0,0
ZCAYAF-D1,Demanda Cayacoa,\VM-PF.IntUser\PDD 30-09-2025.IntPrj\Network Model.IntPrjfolder\Network Data.IntPrjfolder\CENTRAL 69 kV.ElmNet\Demanda Cayacoa.ElmLod,5.199999809265137,0.0,1.0,0
ZCATAF-D1,Demanda Catalina,\VM-PF.IntUser\PDD 30-09-2025.IntPrj\Network Model.IntPrjfolder\Network Data.IntPrjfolder\CENTRAL 69 kV.ElmNet\Demanda Catalina.ElmLod,6.650000095367432,6.429999828338623,1.0,0
ZLCALF-D1,Demanda 1 La Caleta,\VM-PF.IntUser\PDD 30-09-2025.IntPrj\Network Model.IntPrjfolder\Network Data.IntPrjfolder\CENTRAL 69 kV.ElmNet\Demanda 1 La Caleta.ElmLod,15.25,7.46999979019165,1.0,0
ZBASIF-D1,Demanda Base Aérea San Isidro,\VM-PF.IntUser\PDD 30-09-2025.IntPrj\Network Model.IntPrjfolder\Network Data.IntPrjfolder\CENTRAL 69 kV.ElmNet\Demanda Base Aérea San Isidro.ElmLod,2.799999952316284,2.259999990463257,1.0,0
ZZSPMF-D1,Demanda Asociación Industrial ZF SPM,\VM-PF.IntUser\PDD 30-09-2025.IntPrj\Network Model.IntPrjfolder\Network Data.IntPrjfolder\CENTRAL 69 kV.ElmNet\Demanda Asociación Industrial ZF SPM.ElmLod,5.050000190734863,1.2599999904632568,1.0,0
ZAHIGF-D1,Demanda Aeropuerto El Higüero,\VM-PF.IntUser\PDD 30-09-2025.IntPrj\Network Model.IntPrjfolder\Network Data.IntPrjfolder\CENTRAL 69 kV.ElmNet\Demanda Aeropuerto El Higüero.ElmLod,0.3400000035762787,0.3799999952316284,1.0,0
ZAAMEF-D1,Demanda Aero Las Américas,\VM-PF.IntUser\PDD 30-09-2025.IntPrj\Network Model.IntPrjfolder\Network Data.IntPrjfolder\CENTRAL 69 kV.ElmNet\Demanda Aero Las Américas.ElmLod,4.320000171661377,1.3200000524520874,1.0,0
ZADOMF-D1,Demanda Aluminio Dominicano,\VM-PF.IntUser\PDD 30-09-2025.IntPrj\Network Model.IntPrjfolder\Network Data.IntPrjfolder\CENTRAL 69 kV.ElmNet\Demanda Aluminio Dominicano.ElmLod,0.25999999046325684,0.07000000029802322,1.0,0
ZABRUF-D1,Demanda Acueducto Brujuela,\VM-PF.IntUser\PDD 30-09-2025.IntPrj\Network Model.IntPrjfolder\Network Data.IntPrjfolder\CENTRAL 69 kV.ElmNet\Demanda Acueducto Brujuela.ElmLod,4.849999904632568,4.989999771118164,1.0,0
ZINVIF-D1,Demanda 1 Invivienda,\VM-PF.IntUser\PDD 30-09-2025.IntPrj\Network Model.IntPrjfolder\Network Data.IntPrjfolder\CENTRAL 69 kV.ElmNet\Demanda 1 Invivienda.ElmLod,30.34000015258789,11.350000381469727,1.0,0
ZALISF-D1,Demanda Acueducto La Isabela,\VM-PF.IntUser\PDD 30-09-2025.IntPrj\Network Model.IntPrjfolder\Network Data.IntPrjfolder\CENTRAL 69 kV.ElmNet\Demanda Acueducto La Isabela.ElmLod,0.47999998927116394,0.49000000953674316,1.0,0
ZEM31K-D1,SSAA EDM3 TG1,\VM-PF.IntUser\PDD 30-09-2025.IntPrj\Network Model.IntPrjfolder\Network Data.IntPrjfolder\CENTRAL 69 kV.ElmNet\EDM 3.ElmSite\SSAA EDM3 TG1.ElmLod,0.9599999785423279,0.4099999964237213,1.0,0
ZEM32K-D1,SSAA EDM3 TG2,\VM-PF.IntUser\PDD 30-09-2025.IntPrj\Network Model.IntPrjfolder\Network Data.IntPrjfolder\CENTRAL 69 kV.ElmNet\EDM 3.ElmSite\SSAA EDM3 TG2.ElmLod,0.9599999785423279,0.4099999964237213,1.0,0
ZMULTF-D1,Demanda Multiform,\VM-PF.IntUser\PDD 30-09-2025.IntPrj\Network Model.IntPrjfolder\Network Data.IntPrjfolder\CENTRAL 69 kV.ElmNet\Demanda Multiform.ElmLod,3.630000114440918,1.7599999904632568,1.0,0
ZTTITF-D1,Demanda Textiles Titán,\VM-PF.IntUser\PDD 30-09-2025.IntPrj\Network Model.IntPrjfolder\Network Data.IntPrjfolder\CENTRAL 69 kV.ElmNet\Demanda Textiles Titán.ElmLod,0.8299999833106995,0.36000001430511475,1.0,0
ZZSISF-D1,Demanda ZF San Isidro,\VM-PF.IntUser\PDD 30-09-2025.IntPrj\Network Model.IntPrjfolder\Network Data.IntPrjfolder\CENTRAL 69 kV.ElmNet\Demanda ZF San Isidro.ElmLod,6.079999923706055,0.8999999761581421,1.0,0
ZGUERF-D1,Demanda Guerra,\VM-PF.IntUser\PDD 30-09-2025.IntPrj\Network Model.IntPrjfolder\Network Data.IntPrjfolder\CENTRAL 69 kV.ElmNet\Demanda Guerra.ElmLod,2.630000114440918,2.640000104904175,1.0,0
ZZAMEF-D2,Demanda 2 ZF Las Américas,\VM-PF.IntUser\PDD 30-09-2025.IntPrj\Network Model.IntPrjfolder\Network Data.IntPrjfolder\CENTRAL 69 kV.ElmNet\Demanda 2 ZF Las Américas.ElmLod,14.119999885559082,6.010000228881836,1.0,0
ZINVBF-D1,Demanda 2 Invivienda,\VM-PF.IntUser\PDD 30-09-2025.IntPrj\Network Model.IntPrjfolder\Network Data.IntPrjfolder\CENTRAL 69 kV.ElmNet\Demanda 2 Invivienda.ElmLod,29.59000015258789,11.140000343322754,1.0,0
ZKDMEF-D2,Demanda 3 Kilómetro 10.5,\VM-PF.IntUser\PDD 30-09-2025.IntPrj\Network Model.IntPrjfolder\Network Data.IntPrjfolder\CENTRAL 69 kV.ElmNet\Demanda 3 Kilómetro 10.5.ElmLod,24.469999313354492,0.3499999940395355,1.0,0
ZMPALK-D1,SSAA Mata de Palma,\VM-PF.IntUser\PDD 30-09-2025.IntPrj\Network Model.IntPrjfolder\Network Data.IntPrjfolder\CENTRAL 69 kV.ElmNet\Mata de Palma.ElmSite\SSAA Mata de Palma.ElmLod,0.0,0.0,1.0,1
ZCAPOF-D2,Demanda 2 Capotillo,\VM-PF.IntUser\PDD 30-09-2025.IntPrj\Network Model.IntPrjfolder\Network Data.IntPrjfolder\CENTRAL 69 kV.ElmNet\Demanda 2 Capotillo.ElmLod,37.0099983215332,14.319999694824219,1.0,0
ZXGRMF-D1,Demanda Grupo Ramos Mella,\VM-PF.IntUser\PDD 30-09-2025.IntPrj\Network Model.IntPrjfolder\Network Data.IntPrjfolder\CENTRAL 69 kV.ElmNet\Demanda Grupo Ramos Mella.ElmLod,0.4399999976158142,1.600000023841858,1.0,0
ZLCALF-D2,Demanda 2 La Caleta,\VM-PF.IntUser\PDD 30-09-2025.IntPrj\Network Model.IntPrjfolder\Network Data.IntPrjfolder\CENTRAL 69 kV.ElmNet\Demanda 2 La Caleta.ElmLod,1.6299999952316284,0.800000011920929,1.0,0
ZDESPF-D2,Demanda 2 Despacho,\VM-PF.IntUser\PDD 30-09-2025.IntPrj\Network Model.IntPrjfolder\Network Data.IntPrjfolder\CENTRAL 69 kV.ElmNet\Demanda 2 Despacho.ElmLod,29.200000762939453,10.4399995803833,1.0,0
ZDESPF-D3,Demanda 3 Despacho,\VM-PF.IntUser\PDD 30-09-2025.IntPrj\Network Model.IntPrjfolder\Network Data.IntPrjfolder\CENTRAL 69 kV.ElmNet\Demanda 3 Despacho.ElmLod,0.0,0.0,1.0,0
ZPIDUF-D1,Demanda Parque Industrial Duarte,\VM-PF.IntUser\PDD 30-09-2025.IntPrj\Network Model.IntPrjfolder\Network Data.IntPrjfolder\CENTRAL 69 kV.ElmNet\Demanda Parque Industrial Duarte.ElmLod,11.9399995803833,3.930000066757202,1.0,0
ZPCGLF-D1,Demanda Parque Caribbean Glass,\VM-PF.IntUser\PDD 30-09-2025.IntPrj\Network Model.IntPrjfolder\Network Data.IntPrjfolder\CENTRAL 69 kV.ElmNet\Demanda Parque Caribbean Glass.ElmLod,2.2300000190734863,0.44999998807907104,1.0,0
ZMARTK-D1,SSAA Martí,\VM-PF.IntUser\PDD 30-09-2025.IntPrj\Network Model.IntPrjfolder\Network Data.IntPrjfolder\CENTRAL 69 kV.ElmNet\Martí.ElmSite\SSAA Martí.ElmLod,0.0,0.0,1.0,1
ZMARAK-D1,SSAA Maranatha,\VM-PF.IntUser\PDD 30-09-2025.IntPrj\Network Model.IntPrjfolder\Network Data.IntPrjfolder\CENTRAL 69 kV.ElmNet\Maranatha.ElmSite\SSAA Maranatha.ElmLod,0.0,0.0,1.0,1
ZDISDF-D1,Demanda DISDO,\VM-PF.IntUser\PDD 30-09-2025.IntPrj\Network Model.IntPrjfolder\Network Data.IntPrjfolder\CENTRAL 69 kV.ElmNet\Demanda DISDO.ElmLod,2.9200000762939453,0.7900000214576721,1.0,0
ZPLCCF-D1,69 kV CCN Parq. Logís Pedro Brand D1,\VM-PF.IntUser\PDD 30-09-2025.IntPrj\Network Model.IntPrjfolder\Network Data.IntPrjfolder\CENTRAL 69 kV.ElmNet\69 kV CCN Parq. Logís Pedro Brand D1.ElmLod,0.0,0.0,1.0,1
ZTHAIF-D1,69 kV Templastisa D1,\VM-PF.IntUser\PDD 30-09-2025.IntPrj\Network Model.IntPrjfolder\Network Data.IntPrjfolder\CENTRAL 69 kV.ElmNet\69 kV Templastisa D1.ElmLod,0.0,0.0,1.0,1
ZLCALF-D3,Demanda 3 La Caleta,\VM-PF.IntUser\PDD 30-09-2025.IntPrj\Network Model.IntPrjfolder\Network Data.IntPrjfolder\CENTRAL 69 kV.ElmNet\Demanda 3 La Caleta.ElmLod,0.0,0.0,1.0,0
WLPARF-D1,69 kV Las Parras D1,\VM-PF.IntUser\PDD 30-09-2025.IntPrj\Network Model.IntPrjfolder\Network Data.IntPrjfolder\CENTRAL 69 kV.ElmNet\69 kV Las Parras D1.ElmLod,0.0,0.0,1.0,0
ZHAINF-D1,69 kV ZF Hainamosa D1,\VM-PF.IntUser\PDD 30-09-2025.IntPrj\Network Model.IntPrjfolder\Network Data.IntPrjfolder\CENTRAL 69 kV.ElmNet\69 kV ZF Hainamosa D1.ElmLod,0.0,0.0,1.0,1
ZQ1SPK -D1,SSAA Quisqueya 1 San Pedro,\VM-PF.IntUser\PDD 30-09-2025.IntPrj\Network Model.IntPrjfolder\Network Data.IntPrjfolder\Expansión 345 kV.ElmNet\Quisqueya.ElmSite\SSAA Quisqueya 1 San Pedro.ElmLod,1.3200000524520874,0.5600000023841858,1.0,0
ZQU23K-D1,SSAA Quisqueya 2 G3,\VM-PF.IntUser\PDD 30-09-2025.IntPrj\Network Model.IntPrjfolder\Network Data.IntPrjfolder\Expansión 345 kV.ElmNet\Quisqueya.ElmSite\SSAA Quisqueya 2 G3.ElmLod,0.8999999761581421,0.3799999952316284,1.0,0
ZQU22K-D1,SSAA Quisqueya 2 G2,\VM-PF.IntUser\PDD 30-09-2025.IntPrj\Network Model.IntPrjfolder\Network Data.IntPrjfolder\Expansión 345 kV.ElmNet\Quisqueya.ElmSite\SSAA Quisqueya 2 G2.ElmLod,1.3700000047683716,0.44999998807907104,1.0,0
ZQU21K-D1,SSAA Quisqueya 2 G1,\VM-PF.IntUser\PDD 30-09-2025.IntPrj\Network Model.IntPrjfolder\Network Data.IntPrjfolder\Expansión 345 kV.ElmNet\Quisqueya.ElmSite\SSAA Quisqueya 2 G1.ElmLod,1.3700000047683716,0.44999998807907104,1.0,0
ZQU12K-D1,SSAA Quisqueya 1 G2,\VM-PF.IntUser\PDD 30-09-2025.IntPrj\Network Model.IntPrjfolder\Network Data.IntPrjfolder\Expansión 345 kV.ElmNet\Quisqueya.ElmSite\SSAA Quisqueya 1 G2.ElmLod,1.3700000047683716,0.5799999833106995,1.0,0
ZQU13K-D1,SSAA Quisqueya 1 G3,\VM-PF.IntUser\PDD 30-09-2025.IntPrj\Network Model.IntPrjfolder\Network Data.IntPrjfolder\Expansión 345 kV.ElmNet\Quisqueya.ElmSite\SSAA Quisqueya 1 G3.ElmLod,1.5399999618530273,0.6600000262260437,1.0,0
ZPVDCD-D1,Demanda PVDC,\VM-PF.IntUser\PDD 30-09-2025.IntPrj\Network Model.IntPrjfolder\Network Data.IntPrjfolder\Expansión 345 kV.ElmNet\PVDC.ElmSite\Demanda PVDC.ElmLod,185.0,0.0,1.0,0
ZPCATL-D1,Demanda Punta Catalina,\VM-PF.IntUser\PDD 30-09-2025.IntPrj\Network Model.IntPrjfolder\Network Data.IntPrjfolder\Expansión 345 kV.ElmNet\Punta Catalina.ElmSite\Demanda Punta Catalina.ElmLod,0.0,0.0,1.0,1
ZPCA1L-D1,SSAA Punta Catalina 1,\VM-PF.IntUser\PDD 30-09-2025.IntPrj\Network Model.IntPrjfolder\Network Data.IntPrjfolder\Expansión 345 kV.ElmNet\Punta Catalina.ElmSite\SSAA Punta Catalina 1.ElmLod,34.0,14.479999542236328,1.0,0
ZPCA2L-D1,SSAA Punta Catalina 2,\VM-PF.IntUser\PDD 30-09-2025.IntPrj\Network Model.IntPrjfolder\Network Data.IntPrjfolder\Expansión 345 kV.ElmNet\Punta Catalina.ElmSite\SSAA Punta Catalina 2.ElmLod,36.0,15.34000015258789,1.0,0
ZSES2K-D1,SSAA Sultana del Este 2,\VM-PF.IntUser\PDD 30-09-2025.IntPrj\Network Model.IntPrjfolder\Network Data.IntPrjfolder\ESTE 138 kV.ElmNet\Sultana del Este.ElmSite\SSAA Sultana del Este 2.ElmLod,0.0,0.0,1.0,1
ZSES3K-D1,SSAA Sultana del Este 3,\VM-PF.IntUser\PDD 30-09-2025.IntPrj\Network Model.IntPrjfolder\Network Data.IntPrjfolder\ESTE 138 kV.ElmNet\Sultana del Este.ElmSite\SSAA Sultana del Este 3.ElmLod,0.0,0.0,1.0,1
ZLROME-D1,Demanda La Romana,\VM-PF.IntUser\PDD 30-09-2025.IntPrj\Network Model.IntPrjfolder\Network Data.IntPrjfolder\ESTE 138 kV.ElmNet\La Romana.ElmSite\Demanda La Romana.ElmLod,15.220000267028809,4.630000114440918,1.0,0
WLROME-D2,Demanda 2 La Romana,\VM-PF.IntUser\PDD 30-09-2025.IntPrj\Network Model.IntPrjfolder\Network Data.IntPrjfolder\ESTE 138 kV.ElmNet\La Romana.ElmSite\Demanda 2 La Romana.ElmLod,17.920000076293945,5.889999866485596,1.0,0
ZCES3K-D1,SSAA CESPM 3,\VM-PF.IntUser\PDD 30-09-2025.IntPrj\Network Model.IntPrjfolder\Network Data.IntPrjfolder\ESTE 138 kV.ElmNet\SPM 2.ElmSite\SSAA CESPM 3.ElmLod,3.059999942779541,1.2999999523162842,1.0,0
ZCES2K-D1,SSAA CESPM 2,\VM-PF.IntUser\PDD 30-09-2025.IntPrj\Network Model.IntPrjfolder\Network Data.IntPrjfolder\ESTE 138 kV.ElmNet\SPM 2.ElmSite\SSAA CESPM 2.ElmLod,3.059999942779541,1.2999999523162842,1.0,0
ZCES1K-D1,SSAA CESPM 1,\VM-PF.IntUser\PDD 30-09-2025.IntPrj\Network Model.IntPrjfolder\Network Data.IntPrjfolder\ESTE 138 kV.ElmNet\SPM 2.ElmSite\SSAA CESPM 1.ElmLod,3.059999942779541,1.2999999523162842,1.0,0
ZSPM2E-D1,Demanda SPM 2,\VM-PF.IntUser\PDD 30-09-2025.IntPrj\Network Model.IntPrjfolder\Network Data.IntPrjfolder\ESTE 138 kV.ElmNet\SPM 2.ElmSite\Demanda SPM 2.ElmLod,12.890000343322754,5.460000038146973,1.0,0
ZXEN4K-D1,SSAA ENERGAS 4 TG,\VM-PF.IntUser\PDD 30-09-2025.IntPrj\Network Model.IntPrjfolder\Network Data.IntPrjfolder\ESTE 138 kV.ElmNet\SPM 2.ElmSite\SSAA ENERGAS 4 TG.ElmLod,1.2000000476837158,0.5099999904632568,1.0,0
ZCEMEE-D1,Demanda CEMEX,\VM-PF.IntUser\PDD 30-09-2025.IntPrj\Network Model.IntPrjfolder\Network Data.IntPrjfolder\ESTE 138 kV.ElmNet\CEMEX.ElmSite\Demanda CEMEX.ElmLod,31.969999313354492,4.46999979019165,1.0,0
ZCEMBK-D1,SSAA BERSAL,\VM-PF.IntUser\PDD 30-09-2025.IntPrj\Network Model.IntPrjfolder\Network Data.IntPrjfolder\ESTE 138 kV.ElmNet\CEMEX.ElmSite\SSAA BERSAL.ElmLod,0.15000000596046448,0.07000000029802322,1.0,0
ZESEIE-D1,Demanda El Seibo,\VM-PF.IntUser\PDD 30-09-2025.IntPrj\Network Model.IntPrjfolder\Network Data.IntPrjfolder\ESTE 138 kV.ElmNet\Demanda El Seibo.ElmLod,15.210000038146973,5.0,1.0,0
ZHIGUE-D1,Demanda 1 Higüey 138 kV,\VM-PF.IntUser\PDD 30-09-2025.IntPrj\Network Model.IntPrjfolder\Network Data.IntPrjfolder\ESTE 138 kV.ElmNet\Demanda 1 Higüey 138 kV.ElmLod,12.130000114440918,3.990000009536743,1.0,0
ZJDOLE-D1,Demanda Juan Dolio,\VM-PF.IntUser\PDD 30-09-2025.IntPrj\Network Model.IntPrjfolder\Network Data.IntPrjfolder\ESTE 138 kV.ElmNet\Demanda Juan Dolio.ElmLod,8.75,0.0,1.0,0
ZXCU1K-D1,SSAA PF Cumayasa 1,\VM-PF.IntUser\PDD 30-09-2025.IntPrj\Network Model.IntPrjfolder\Network Data.IntPrjfolder\ESTE 138 kV.ElmNet\Cumayasa.ElmSite\SSAA PF Cumayasa 1.ElmLod,0.0,0.0,1.0,1
ZXCU2K-D1,SSAA PF Cumayasa 2,\VM-PF.IntUser\PDD 30-09-2025.IntPrj\Network Model.IntPrjfolder\Network Data.IntPrjfolder\ESTE 138 kV.ElmNet\Cumayasa.ElmSite\SSAA PF Cumayasa 2.ElmLod,0.0,0.0,1.0,1
ZXCU4K-D1,SSAA PF Cumayasa 4,\VM-PF.IntUser\PDD 30-09-2025.IntPrj\Network Model.IntPrjfolder\Network Data.IntPrjfolder\ESTE 138 kV.ElmNet\Cumayasa.ElmSite\SSAA PF Cumayasa 4.ElmLod,0.0,0.0,1.0,1
ZLORIK-D1,SSAA Los Orígenes,\VM-PF.IntUser\PDD 30-09-2025.IntPrj\Network Model.IntPrjfolder\Network Data.IntPrjfolder\ESTE 138 kV.ElmNet\Los Orígenes.ElmSite\SSAA Los Orígenes.ElmLod,0.12999999523162842,0.05000000074505806,1.0,0
ZSPBEE-D1,SSAA San Pedro Bio-Energy,\VM-PF.IntUser\PDD 30-09-2025.IntPrj\Network Model.IntPrjfolder\Network Data.IntPrjfolder\ESTE 138 kV.ElmNet\San Pedro Bio-Energy.ElmSite\SSAA San Pedro Bio-Energy.ElmLod,0.6000000238418579,0.25999999046325684,1.0,0
ZICCOK-D1,Demanda Ingenio Cristóbal Colón,\VM-PF.IntUser\PDD 30-09-2025.IntPrj\Network Model.IntPrjfolder\Network Data.IntPrjfolder\ESTE 138 kV.ElmNet\San Pedro Bio-Energy.ElmSite\Demanda Ingenio Cristóbal Colón.ElmLod,0.5600000023841858,0.1599999964237213,1.0,0
ZCLUIE-D1,Demanda CIP La Luisa,\VM-PF.IntUser\PDD 30-09-2025.IntPrj\Network Model.IntPrjfolder\Network Data.IntPrjfolder\ESTE 138 kV.ElmNet\Demanda CIP La Luisa.ElmLod,8.880000114440918,2.700000047683716,1.0,0
ZSPMAF-D1,Demanda SPM,\VM-PF.IntUser\PDD 30-09-2025.IntPrj\Network Model.IntPrjfolder\Network Data.IntPrjfolder\ESTE 138 kV.ElmNet\San Pedro.ElmSite\Demanda SPM.ElmLod,37.36000061035156,12.489999771118164,1.0,0
ZSPMAF-D2,69 kV SPM D2,\VM-PF.IntUser\PDD 30-09-2025.IntPrj\Network Model.IntPrjfolder\Network Data.IntPrjfolder\ESTE 138 kV.ElmNet\San Pedro.ElmSite\69 kV SPM D2.ElmLod,0.0,0.0,1.0,1
ZXESOE-D1,SSAA El Soco,\VM-PF.IntUser\PDD 30-09-2025.IntPrj\Network Model.IntPrjfolder\Network Data.IntPrjfolder\ESTE 138 kV.ElmNet\El Soco.ElmSite\SSAA El Soco.ElmLod,0.0,0.0,1.0,1
ZHIGUE-D2,Demanda 2 Higüey 138 kV,\VM-PF.IntUser\PDD 30-09-2025.IntPrj\Network Model.IntPrjfolder\Network Data.IntPrjfolder\ESTE 138 kV.ElmNet\Demanda 2 Higüey 138 kV.ElmLod,44.36000061035156,14.579999923706055,1.0,0
ZCSO1K-D1,SSAA PF Cotoperí  1,\VM-PF.IntUser\PDD 30-09-2025.IntPrj\Network Model.IntPrjfolder\Network Data.IntPrjfolder\ESTE 138 kV.ElmNet\Cotoperí.ElmSite\SSAA PF Cotoperí  1.ElmLod,0.0,0.0,1.0,1
ZCSO2K-D1,SSAA PF Cotoperí  2,\VM-PF.IntUser\PDD 30-09-2025.IntPrj\Network Model.IntPrjfolder\Network Data.IntPrjfolder\ESTE 138 kV.ElmNet\Cotoperí.ElmSite\SSAA PF Cotoperí  2.ElmLod,0.0,0.0,1.0,1
ZCSO3K-D1,SSAA PF Cotoperí  3,\VM-PF.IntUser\PDD 30-09-2025.IntPrj\Network Model.IntPrjfolder\Network Data.IntPrjfolder\ESTE 138 kV.ElmNet\Cotoperí.ElmSite\SSAA PF Cotoperí  3.ElmLod,0.0,0.0,1.0,1
ZCOA1K-D1,SSAA PF Coastal G1,\VM-PF.IntUser\PDD 30-09-2025.IntPrj\Network Model.IntPrjfolder\Network Data.IntPrjfolder\ESTE 138 kV.ElmNet\Coastal.ElmSite\SSAA PF Coastal G1.ElmLod,0.0,0.0,1.0,1
ZCOA2K-D1,SSAA PF Coastal G2,\VM-PF.IntUser\PDD 30-09-2025.IntPrj\Network Model.IntPrjfolder\Network Data.IntPrjfolder\ESTE 138 kV.ElmNet\Coastal.ElmSite\SSAA PF Coastal G2.ElmLod,0.0,0.0,1.0,1
ZCLUIE-D2,Demanda 2 CIP La Luisa,\VM-PF.IntUser\PDD 30-09-2025.IntPrj\Network Model.IntPrjfolder\Network Data.IntPrjfolder\ESTE 138 kV.ElmNet\Demanda 2 CIP La Luisa.ElmLod,10.279999732971191,3.119999885559082,1.0,0
ZHIGUE-D3,Demanda 3 Higüey 138 kV,\VM-PF.IntUser\PDD 30-09-2025.IntPrj\Network Model.IntPrjfolder\Network Data.IntPrjfolder\ESTE 138 kV.ElmNet\Demanda 3 Higüey 138 kV.ElmLod,5.480000019073486,0.0,1.0,0
WCLUIE-D3,138 kV La Luisa D3,\VM-PF.IntUser\PDD 30-09-2025.IntPrj\Network Model.IntPrjfolder\Network Data.IntPrjfolder\ESTE 138 kV.ElmNet\138 kV La Luisa D3.ElmLod,0.0,0.0,1.0,1
WCLUIE-D4,138 kV La Luisa D4,\VM-PF.IntUser\PDD 30-09-2025.IntPrj\Network Model.IntPrjfolder\Network Data.IntPrjfolder\ESTE 138 kV.ElmNet\138 kV La Luisa D4.ElmLod,0.0,0.0,1.0,1
ZZSA1E-D1,Demanda 1 ZF Santiago,\VM-PF.IntUser\PDD 30-09-2025.IntPrj\Network Model.IntPrjfolder\Network Data.IntPrjfolder\NORTE 138 kV.ElmNet\ZF Santiago.ElmSite\Demanda 1 ZF Santiago.ElmLod,31.139999389648438,0.0,1.0,0
ZZSA1E-D2,Demanda 2 ZF Santiago,\VM-PF.IntUser\PDD 30-09-2025.IntPrj\Network Model.IntPrjfolder\Network Data.IntPrjfolder\NORTE 138 kV.ElmNet\ZF Santiago.ElmSite\Demanda 2 ZF Santiago.ElmLod,27.989999771118164,10.729999542236328,1.0,0
ZMONCK-D1,SSAA Monción,\VM-PF.IntUser\PDD 30-09-2025.IntPrj\Network Model.IntPrjfolder\Network Data.IntPrjfolder\NORTE 138 kV.ElmNet\Monción.ElmSite\SSAA Monción.ElmLod,0.8299999833106995,0.36000001430511475,1.0,0
ZZMONK-D1,Demanda Monción,\VM-PF.IntUser\PDD 30-09-2025.IntPrj\Network Model.IntPrjfolder\Network Data.IntPrjfolder\NORTE 138 kV.ElmNet\Monción.ElmSite\Demanda Monción.ElmLod,0.3799999952316284,0.0,1.0,0
ZCEMOK-D1,SSAA Contra Embalse Monción,\VM-PF.IntUser\PDD 30-09-2025.IntPrj\Network Model.IntPrjfolder\Network Data.IntPrjfolder\NORTE 138 kV.ElmNet\Monción.ElmSite\SSAA Contra Embalse Monción.ElmLod,0.029999999329447746,0.009999999776482582,1.0,0
ZPIM3K-D1,SSAA Pimentel Grupo 3,\VM-PF.IntUser\PDD 30-09-2025.IntPrj\Network Model.IntPrjfolder\Network Data.IntPrjfolder\NORTE 138 kV.ElmNet\Pimentel.ElmSite\SSAA Pimentel Grupo 3.ElmLod,0.6100000143051147,0.25999999046325684,1.0,0
ZPIM2K-D1,SSAA Pimentel Grupo 2,\VM-PF.IntUser\PDD 30-09-2025.IntPrj\Network Model.IntPrjfolder\Network Data.IntPrjfolder\NORTE 138 kV.ElmNet\Pimentel.ElmSite\SSAA Pimentel Grupo 2.ElmLod,0.4300000071525574,0.18000000715255737,1.0,0
ZPIM1K-D1,SSAA Pimentel Grupo 1,\VM-PF.IntUser\PDD 30-09-2025.IntPrj\Network Model.IntPrjfolder\Network Data.IntPrjfolder\NORTE 138 kV.ElmNet\Pimentel.ElmSite\SSAA Pimentel Grupo 1.ElmLod,0.3499999940395355,0.15000000596046448,1.0,0
ZCANAE-D1,Demanda Canabacoa,\VM-PF.IntUser\PDD 30-09-2025.IntPrj\Network Model.IntPrjfolder\Network Data.IntPrjfolder\NORTE 138 kV.ElmNet\Canabacoa.ElmSite\Demanda Canabacoa.ElmLod,32.63999938964844,13.020000457763672,1.0,0
ZPP22E-D1,Demanda 1 Puerto Plata 2,\VM-PF.IntUser\PDD 30-09-2025.IntPrj\Network Model.IntPrjfolder\Network Data.IntPrjfolder\NORTE 138 kV.ElmNet\Puerto Plata 2.ElmSite\Demanda 1 Puerto Plata 2.ElmLod,17.84000015258789,0.2800000011920929,1.0,0
ZLANGK-D1,SSAA López Angostura,\VM-PF.IntUser\PDD 30-09-2025.IntPrj\Network Model.IntPrjfolder\Network Data.IntPrjfolder\NORTE 138 kV.ElmNet\López Angostura.ElmSite\SSAA López Angostura.ElmLod,0.07999999821186066,0.029999999329447746,1.0,0
ZFALCK-D1,Demanda FALCONDO,\VM-PF.IntUser\PDD 30-09-2025.IntPrj\Network Model.IntPrjfolder\Network Data.IntPrjfolder\NORTE 138 kV.ElmNet\Falcondo.ElmSite\Demanda FALCONDO.ElmLod,0.0,0.0,1.0,1
ZPFALK-D1,Demanda de Procesos FALCONDO,\VM-PF.IntUser\PDD 30-09-2025.IntPrj\Network Model.IntPrjfolder\Network Data.IntPrjfolder\NORTE 138 kV.ElmNet\Falcondo.ElmSite\Demanda de Procesos FALCONDO.ElmLod,0.0,0.0,1.0,1
ZSFEGK-D1,SSAA San Felipe TG,\VM-PF.IntUser\PDD 30-09-2025.IntPrj\Network Model.IntPrjfolder\Network Data.IntPrjfolder\NORTE 138 kV.ElmNet\ZSFELE(1).ElmSubstat\SSAA San Felipe TG.ElmLod,0.0,0.0,1.0,1
ZSFEVK-D1,SSAA San Felipe Vapor,\VM-PF.IntUser\PDD 30-09-2025.IntPrj\Network Model.IntPrjfolder\Network Data.IntPrjfolder\NORTE 138 kV.ElmNet\ZSFELE(1).ElmSubstat\SSAA San Felipe Vapor.ElmLod,0.0,0.0,1.0,1
ZPPLAF-D1,Demanda Puerto Plata,\VM-PF.IntUser\PDD 30-09-2025.IntPrj\Network Model.IntPrjfolder\Network Data.IntPrjfolder\NORTE 138 kV.ElmNet\Demanda Puerto Plata.ElmLod,24.079999923706055,8.739999771118164,1.0,0
ZLGALE-D1,Demanda 1 La Gallera,\VM-PF.IntUser\PDD 30-09-2025.IntPrj\Network Model.IntPrjfolder\Network Data.IntPrjfolder\NORTE 138 kV.ElmNet\Demanda 1 La Gallera.ElmLod,26.350000381469727,7.960000038146973,1.0,0
ZSAMAE-D1,Demanda Samaná,\VM-PF.IntUser\PDD 30-09-2025.IntPrj\Network Model.IntPrjfolder\Network Data.IntPrjfolder\NORTE 138 kV.ElmNet\Demanda Samaná.ElmLod,11.399999618530273,4.440000057220459,1.0,0
ZMONTE-D1,Demanda Montecristi,\VM-PF.IntUser\PDD 30-09-2025.IntPrj\Network Model.IntPrjfolder\Network Data.IntPrjfolder\NORTE 138 kV.ElmNet\Demanda Montecristi.ElmLod,21.709999084472656,9.65999984741211,1.0,0
ZVMAOE-D1,Demanda Valverde Mao,\VM-PF.IntUser\PDD 30-09-2025.IntPrj\Network Model.IntPrjfolder\Network Data.IntPrjfolder\NORTE 138 kV.ElmNet\Demanda Valverde Mao.ElmLod,22.420000076293945,8.739999771118164,1.0,0
ZSRODE-D1,Demanda Santiago Rodríguez,\VM-PF.IntUser\PDD 30-09-2025.IntPrj\Network Model.IntPrjfolder\Network Data.IntPrjfolder\NORTE 138 kV.ElmNet\Demanda Santiago Rodríguez.ElmLod,20.690000534057617,7.510000228881836,1.0,0
ZSALCE-D1,Demanda Salcedo,\VM-PF.IntUser\PDD 30-09-2025.IntPrj\Network Model.IntPrjfolder\Network Data.IntPrjfolder\NORTE 138 kV.ElmNet\Demanda Salcedo.ElmLod,18.739999771118164,7.369999885559082,1.0,0
ZMOCAE-D1,Demanda Moca,\VM-PF.IntUser\PDD 30-09-2025.IntPrj\Network Model.IntPrjfolder\Network Data.IntPrjfolder\NORTE 138 kV.ElmNet\Demanda Moca.ElmLod,25.780000686645508,10.34000015258789,1.0,0
ZSANCE-D1,Demanda Sánchez,\VM-PF.IntUser\PDD 30-09-2025.IntPrj\Network Model.IntPrjfolder\Network Data.IntPrjfolder\NORTE 138 kV.ElmNet\Demanda Sánchez.ElmLod,21.239999771118164,3.2100000381469727,1.0,0
ZNIBAE-D1,Demanda 1 Nibaje,\VM-PF.IntUser\PDD 30-09-2025.IntPrj\Network Model.IntPrjfolder\Network Data.IntPrjfolder\NORTE 138 kV.ElmNet\Demanda 1 Nibaje.ElmLod,27.350000381469727,8.90999984741211,1.0,0
ZTAVBE-D1,Demanda Tavera,\VM-PF.IntUser\PDD 30-09-2025.IntPrj\Network Model.IntPrjfolder\Network Data.IntPrjfolder\NORTE 138 kV.ElmNet\Tavera.ElmSite\Demanda Tavera.ElmLod,9.149999618530273,3.059999942779541,1.0,0
ZTAV2K-D1,SSAA Tavera 2,\VM-PF.IntUser\PDD 30-09-2025.IntPrj\Network Model.IntPrjfolder\Network Data.IntPrjfolder\NORTE 138 kV.ElmNet\Tavera.ElmSite\SSAA Tavera 2.ElmLod,0.8999999761581421,0.3799999952316284,1.0,0
ZTAV1K-D1,SSAA Tavera 1,\VM-PF.IntUser\PDD 30-09-2025.IntPrj\Network Model.IntPrjfolder\Network Data.IntPrjfolder\NORTE 138 kV.ElmNet\Tavera.ElmSite\SSAA Tavera 1.ElmLod,0.0,0.0,1.0,1
ZXPFSK-D1,SSAA SAJOMA,\VM-PF.IntUser\PDD 30-09-2025.IntPrj\Network Model.IntPrjfolder\Network Data.IntPrjfolder\NORTE 138 kV.ElmNet\SAJOMA.ElmSite\SSAA SAJOMA.ElmLod,0.0,0.0,1.0,1
WPFMSK-D1,SSAA Monte Cristi Solar Grupo 1,\VM-PF.IntUser\PDD 30-09-2025.IntPrj\Network Model.IntPrjfolder\Network Data.IntPrjfolder\NORTE 138 kV.ElmNet\Monte Cristi Solar.ElmSite\SSAA Monte Cristi Solar Grupo 1.ElmLod,0.0,0.0,1.0,1
WPFMSK-D2,SSAA Monte Cristi Solar Grupo 2,\VM-PF.IntUser\PDD 30-09-2025.IntPrj\Network Model.IntPrjfolder\Network Data.IntPrjfolder\NORTE 138 kV.ElmNet\Monte Cristi Solar.ElmSite\SSAA Monte Cristi Solar Grupo 2.ElmLod,0.0,0.0,1.0,1
ZACLAK-D1,SSAA Agua Clara,\VM-PF.IntUser\PDD 30-09-2025.IntPrj\Network Model.IntPrjfolder\Network Data.IntPrjfolder\NORTE 138 kV.ElmNet\Agua Clara.ElmSite\SSAA Agua Clara.ElmLod,0.05999999865889549,0.029999999329447746,1.0,0
ZGNLLK-D1,SSAA Guanillo,\VM-PF.IntUser\PDD 30-09-2025.IntPrj\Network Model.IntPrjfolder\Network Data.IntPrjfolder\NORTE 138 kV.ElmNet\Guanillo.ElmSite\SSAA Guanillo.ElmLod,0.18000000715255737,0.07999999821186066,1.0,0
ZNIBAE-D2,Demanda 2 Nibaje,\VM-PF.IntUser\PDD 30-09-2025.IntPrj\Network Model.IntPrjfolder\Network Data.IntPrjfolder\NORTE 138 kV.ElmNet\Demanda 2 Nibaje.ElmLod,38.43000030517578,0.07000000029802322,1.0,0
ZRSJUE-D1,Demanda Río San Juan,\VM-PF.IntUser\PDD 30-09-2025.IntPrj\Network Model.IntPrjfolder\Network Data.IntPrjfolder\NORTE 138 kV.ElmNet\Demanda Río San Juan.ElmLod,5.840000152587891,2.490000009536743,1.0,0
ZDAJAE-D1,Demanda Dajabón,\VM-PF.IntUser\PDD 30-09-2025.IntPrj\Network Model.IntPrjfolder\Network Data.IntPrjfolder\NORTE 138 kV.ElmNet\Demanda Dajabón.ElmLod,12.579999923706055,4.329999923706055,1.0,0
ZLGALE-D2,Demanda 2 La Gallera,\VM-PF.IntUser\PDD 30-09-2025.IntPrj\Network Model.IntPrjfolder\Network Data.IntPrjfolder\NORTE 138 kV.ElmNet\Demanda 2 La Gallera.ElmLod,33.349998474121094,6.050000190734863,1.0,0
ZLGUZK-D1,SSAA PE Los Guzmancito,\VM-PF.IntUser\PDD 30-09-2025.IntPrj\Network Model.IntPrjfolder\Network Data.IntPrjfolder\NORTE 138 kV.ElmNet\Los Guzmancito.ElmSite\SSAA PE Los Guzmancito.ElmLod,0.03999999910593033,0.019999999552965164,1.0,0
ZLGU2K-D1,SSAA Los Guzmancito 2,\VM-PF.IntUser\PDD 30-09-2025.IntPrj\Network Model.IntPrjfolder\Network Data.IntPrjfolder\NORTE 138 kV.ElmNet\Los Guzmancito.ElmSite\SSAA Los Guzmancito 2.ElmLod,0.0,0.0,1.0,0
ZXMATK-D1,SSAA MATRISOL,\VM-PF.IntUser\PDD 30-09-2025.IntPrj\Network Model.IntPrjfolder\Network Data.IntPrjfolder\NORTE 138 kV.ElmNet\Matrisol.ElmSite\SSAA MATRISOL.ElmLod,0.0,0.0,1.0,1
ZXPSEK-D1,SSAA Parque Solar Esperanza,\VM-PF.IntUser\PDD 30-09-2025.IntPrj\Network Model.IntPrjfolder\Network Data.IntPrjfolder\NORTE 138 kV.ElmNet\Esperanza.ElmSite\SSAA Parque Solar Esperanza.ElmLod,0.0,0.0,1.0,1
ZXPI4K-D1,SSAA Pimentel 4,\VM-PF.IntUser\PDD 30-09-2025.IntPrj\Network Model.IntPrjfolder\Network Data.IntPrjfolder\NORTE 138 kV.ElmNet\SSAA Pimentel 4.ElmLod,0.8399999737739563,0.36000001430511475,1.0,0
ZGOYAF-D1,Demanda Goya,\VM-PF.IntUser\PDD 30-09-2025.IntPrj\Network Model.IntPrjfolder\Network Data.IntPrjfolder\SUR 69 kV.ElmNet\Demanda Goya.ElmLod,0.8199999928474426,0.38999998569488525,1.0,0
ZABCOF-D1,Demanda ABCO,\VM-PF.IntUser\PDD 30-09-2025.IntPrj\Network Model.IntPrjfolder\Network Data.IntPrjfolder\SUR 69 kV.ElmNet\Demanda ABCO.ElmLod,2.9200000762939453,1.2400000095367432,1.0,0
ZLTO1K-D1,SSAA Los Toros,\VM-PF.IntUser\PDD 30-09-2025.IntPrj\Network Model.IntPrjfolder\Network Data.IntPrjfolder\SUR 69 kV.ElmNet\Los Toros.ElmSite\SSAA Los Toros.ElmLod,0.0,0.0,1.0,1
ZPLINF-D1,Demanda Productos Linda,\VM-PF.IntUser\PDD 30-09-2025.IntPrj\Network Model.IntPrjfolder\Network Data.IntPrjfolder\SUR 69 kV.ElmNet\Demanda Productos Linda.ElmLod,0.14000000059604645,0.05999999865889549,1.0,0
ZICAEF-D1,Demanda Ingenio CAEI,\VM-PF.IntUser\PDD 30-09-2025.IntPrj\Network Model.IntPrjfolder\Network Data.IntPrjfolder\SUR 69 kV.ElmNet\Demanda Ingenio CAEI.ElmLod,0.07000000029802322,0.029999999329447746,1.0,0
ZSYEGK-D1,SSAA Sabana Yegua,\VM-PF.IntUser\PDD 30-09-2025.IntPrj\Network Model.IntPrjfolder\Network Data.IntPrjfolder\SUR 69 kV.ElmNet\Sabana Yegua.ElmSite\SSAA Sabana Yegua.ElmLod,0.0,0.0,1.0,1
ZXLFAF-D1,Demanda La Famosa,\VM-PF.IntUser\PDD 30-09-2025.IntPrj\Network Model.IntPrjfolder\Network Data.IntPrjfolder\SUR 69 kV.ElmNet\Demanda La Famosa.ElmLod,1.399999976158142,0.0,1.0,0
ZBMATF-D1,Demanda 1 Baní Matadero,\VM-PF.IntUser\PDD 30-09-2025.IntPrj\Network Model.IntPrjfolder\Network Data.IntPrjfolder\SUR 69 kV.ElmNet\Demanda 1 Baní Matadero.ElmLod,8.380000114440918,3.9800000190734863,1.0,0
ZSABAK-D1,SSAA Sabaneta,\VM-PF.IntUser\PDD 30-09-2025.IntPrj\Network Model.IntPrjfolder\Network Data.IntPrjfolder\SUR 69 kV.ElmNet\Sabaneta.ElmSite\SSAA Sabaneta.ElmLod,0.0,0.0,1.0,1
ZSABAK-D2,Demanda Sabaneta,\VM-PF.IntUser\PDD 30-09-2025.IntPrj\Network Model.IntPrjfolder\Network Data.IntPrjfolder\SUR 69 kV.ElmNet\Sabaneta.ElmSite\Demanda Sabaneta.ElmLod,1.690000057220459,0.6100000143051147,1.0,0
ZSJUAF-D1,Demanda San Juan,\VM-PF.IntUser\PDD 30-09-2025.IntPrj\Network Model.IntPrjfolder\Network Data.IntPrjfolder\SUR 69 kV.ElmNet\Demanda San Juan.ElmLod,21.469999313354492,7.599999904632568,1.0,0
ZVILLF-D1,Demanda Villarpando,\VM-PF.IntUser\PDD 30-09-2025.IntPrj\Network Model.IntPrjfolder\Network Data.IntPrjfolder\SUR 69 kV.ElmNet\Demanda Villarpando.ElmLod,7.0,2.5399999618530273,1.0,0
ZMVIEF-D1,Demanda 1 Madre Vieja,\VM-PF.IntUser\PDD 30-09-2025.IntPrj\Network Model.IntPrjfolder\Network Data.IntPrjfolder\SUR 69 kV.ElmNet\Demanda 1 Madre Vieja.ElmLod,35.540000915527344,0.33000001311302185,1.0,0
ZPIZDF-D1,Demanda Pizarrete Distribución,\VM-PF.IntUser\PDD 30-09-2025.IntPrj\Network Model.IntPrjfolder\Network Data.IntPrjfolder\SUR 69 kV.ElmNet\Demanda Pizarrete Distribución.ElmLod,11.0,3.990000009536743,1.0,0
ZCOCOF-D1,Demanda Cruce de Ocoa,\VM-PF.IntUser\PDD 30-09-2025.IntPrj\Network Model.IntPrjfolder\Network Data.IntPrjfolder\SUR 69 kV.ElmNet\Demanda Cruce de Ocoa.ElmLod,1.6200000047683716,0.5899999737739563,1.0,0
ZSJOCF-D1,Demanda San José de Ocoa,\VM-PF.IntUser\PDD 30-09-2025.IntPrj\Network Model.IntPrjfolder\Network Data.IntPrjfolder\SUR 69 kV.ElmNet\Demanda San José de Ocoa.ElmLod,7.840000152587891,2.9800000190734863,1.0,0
ZBAPEF-D1,Demanda Baní Per,\VM-PF.IntUser\PDD 30-09-2025.IntPrj\Network Model.IntPrjfolder\Network Data.IntPrjfolder\SUR 69 kV.ElmNet\Demanda Baní Per.ElmLod,21.1299991607666,9.329999923706055,1.0,0
ZAZUAF-D1,Demanda Azua,\VM-PF.IntUser\PDD 30-09-2025.IntPrj\Network Model.IntPrjfolder\Network Data.IntPrjfolder\SUR 69 kV.ElmNet\Demanda Azua.ElmLod,29.43000030517578,12.220000267028809,1.0,0
ZMAGUK-D1,SSAA Magueyal,\VM-PF.IntUser\PDD 30-09-2025.IntPrj\Network Model.IntPrjfolder\Network Data.IntPrjfolder\SUR 69 kV.ElmNet\Magueyal.ElmSite\SSAA Magueyal.ElmLod,0.0,0.0,1.0,1
ZCINAF-D1,Demanda 1 Cítricos Nacionales,\VM-PF.IntUser\PDD 30-09-2025.IntPrj\Network Model.IntPrjfolder\Network Data.IntPrjfolder\SUR 69 kV.ElmNet\Demanda 1 Cítricos Nacionales.ElmLod,0.6499999761581421,0.23999999463558197,1.0,0
ZZVALF-D1,Demanda ZF Villa Altagracia,\VM-PF.IntUser\PDD 30-09-2025.IntPrj\Network Model.IntPrjfolder\Network Data.IntPrjfolder\SUR 69 kV.ElmNet\Demanda ZF Villa Altagracia.ElmLod,0.4099999964237213,0.1899999976158142,1.0,0
ZVALTF-D1,Demanda Villa Altagracia,\VM-PF.IntUser\PDD 30-09-2025.IntPrj\Network Model.IntPrjfolder\Network Data.IntPrjfolder\SUR 69 kV.ElmNet\Demanda Villa Altagracia.ElmLod,9.649999618530273,3.809999942779541,1.0,0
ZGBOJF-D1,Demanda Granitos Bojos,\VM-PF.IntUser\PDD 30-09-2025.IntPrj\Network Model.IntPrjfolder\Network Data.IntPrjfolder\SUR 69 kV.ElmNet\Demanda Granitos Bojos.ElmLod,38.150001525878906,15.079999923706055,1.0,0
ZLAFZF-D1,Demanda 1 LAFZID,\VM-PF.IntUser\PDD 30-09-2025.IntPrj\Network Model.IntPrjfolder\Network Data.IntPrjfolder\SUR 69 kV.ElmNet\Demanda 1 LAFZID.ElmLod,19.639999389648438,8.369999885559082,1.0,0
ZMLTPF-D1,Demanda Multiparques,\VM-PF.IntUser\PDD 30-09-2025.IntPrj\Network Model.IntPrjfolder\Network Data.IntPrjfolder\SUR 69 kV.ElmNet\Demanda Multiparques.ElmLod,8.699999809265137,2.259999990463257,1.0,0
ZREFIF-D1,Demanda 1 REFIDOMSA,\VM-PF.IntUser\PDD 30-09-2025.IntPrj\Network Model.IntPrjfolder\Network Data.IntPrjfolder\SUR 69 kV.ElmNet\Demanda 1 REFIDOMSA.ElmLod,0.20000000298023224,0.2199999988079071,1.0,0
ZPHAIF-D1,Demanda Puerto de Haina,\VM-PF.IntUser\PDD 30-09-2025.IntPrj\Network Model.IntPrjfolder\Network Data.IntPrjfolder\SUR 69 kV.ElmNet\Demanda Puerto de Haina.ElmLod,1.6200000047683716,0.5099999904632568,1.0,0
ZXADOF-D1,Demanda Alambres Dominicano,\VM-PF.IntUser\PDD 30-09-2025.IntPrj\Network Model.IntPrjfolder\Network Data.IntPrjfolder\SUR 69 kV.ElmNet\Demanda Alambres Dominicano.ElmLod,0.07999999821186066,0.07000000029802322,1.0,0
ZXZNIF-D1,Demanda ZF Nigua,\VM-PF.IntUser\PDD 30-09-2025.IntPrj\Network Model.IntPrjfolder\Network Data.IntPrjfolder\SUR 69 kV.ElmNet\Demanda ZF Nigua.ElmLod,1.690000057220459,0.8199999928474426,1.0,0
ZASOEF-D1,Demanda Acueducto Sur – Oeste,\VM-PF.IntUser\PDD 30-09-2025.IntPrj\Network Model.IntPrjfolder\Network Data.IntPrjfolder\SUR 69 kV.ElmNet\Demanda Acueducto Sur – Oeste.ElmLod,2.7699999809265137,1.0,1.0,0
ZIBARF-D1,Demanda Ingenio Barahona,\VM-PF.IntUser\PDD 30-09-2025.IntPrj\Network Model.IntPrjfolder\Network Data.IntPrjfolder\SUR 69 kV.ElmNet\Demanda Ingenio Barahona.ElmLod,0.11999999731779099,0.05999999865889549,1.0,0
ZLDAMK-D1,SSAA Las Damas,\VM-PF.IntUser\PDD 30-09-2025.IntPrj\Network Model.IntPrjfolder\Network Data.IntPrjfolder\SUR 69 kV.ElmNet\Las Damas.ElmSite\SSAA Las Damas.ElmLod,0.03999999910593033,0.019999999552965164,1.0,0
ZLDAMK-D2,Demanda Las Damas,\VM-PF.IntUser\PDD 30-09-2025.IntPrj\Network Model.IntPrjfolder\Network Data.IntPrjfolder\SUR 69 kV.ElmNet\Las Damas.ElmSite\Demanda Las Damas.ElmLod,7.889999866485596,2.319999933242798,1.0,0
ZZBARF-D1,Demanda Zona Franca Barahona,\VM-PF.IntUser\PDD 30-09-2025.IntPrj\Network Model.IntPrjfolder\Network Data.IntPrjfolder\SUR 69 kV.ElmNet\Demanda Zona Franca Barahona.ElmLod,1.3799999952316284,0.6299999952316284,1.0,0
ZNEYBF-D1,Demanda Neyba,\VM-PF.IntUser\PDD 30-09-2025.IntPrj\Network Model.IntPrjfolder\Network Data.IntPrjfolder\SUR 69 kV.ElmNet\Demanda Neyba.ElmLod,19.639999389648438,6.730000019073486,1.0,0
ZSALIF-D1,Demanda Salinas,\VM-PF.IntUser\PDD 30-09-2025.IntPrj\Network Model.IntPrjfolder\Network Data.IntPrjfolder\SUR 69 kV.ElmNet\Demanda Salinas.ElmLod,2.0899999141693115,0.5899999737739563,1.0,0
ZVNOBF-D1,Demanda Vicente Noble,\VM-PF.IntUser\PDD 30-09-2025.IntPrj\Network Model.IntPrjfolder\Network Data.IntPrjfolder\SUR 69 kV.ElmNet\Demanda Vicente Noble.ElmLod,14.649999618530273,5.320000171661377,1.0,0
ZDRODL-D1,SSAA Domingo Rodríguez,\VM-PF.IntUser\PDD 30-09-2025.IntPrj\Network Model.IntPrjfolder\Network Data.IntPrjfolder\SUR 69 kV.ElmNet\Domingo Rodríguez.ElmSite\SSAA Domingo Rodríguez.ElmLod,0.0,0.0,1.0,1
ZLMFAF-D1,Demanda Las Matas Farfán,\VM-PF.IntUser\PDD 30-09-2025.IntPrj\Network Model.IntPrjfolder\Network Data.IntPrjfolder\SUR 69 kV.ElmNet\Demanda Las Matas Farfán.ElmLod,8.09000015258789,2.440000057220459,1.0,0
ZEPINF-D1,Demanda Elías Piña,\VM-PF.IntUser\PDD 30-09-2025.IntPrj\Network Model.IntPrjfolder\Network Data.IntPrjfolder\SUR 69 kV.ElmNet\Demanda Elías Piña.ElmLod,5.650000095367432,1.5199999809265137,1.0,0
ZCCOLF-D1,Demanda Cemento Colón,\VM-PF.IntUser\PDD 30-09-2025.IntPrj\Network Model.IntPrjfolder\Network Data.IntPrjfolder\SUR 69 kV.ElmNet\Demanda Cemento Colón.ElmLod,2.8399999141693115,1.0299999713897705,1.0,0
ZYAGUF-D1,Demanda Yaguate,\VM-PF.IntUser\PDD 30-09-2025.IntPrj\Network Model.IntPrjfolder\Network Data.IntPrjfolder\SUR 69 kV.ElmNet\Demanda Yaguate.ElmLod,12.59000015258789,6.099999904632568,1.0,0
ZGUA2F-D1,Demanda Guanito 2,\VM-PF.IntUser\PDD 30-09-2025.IntPrj\Network Model.IntPrjfolder\Network Data.IntPrjfolder\SUR 69 kV.ElmNet\Demanda Guanito 2.ElmLod,2.309999942779541,0.9800000190734863,1.0,0
ZAISCF-D1,Demanda Acueducto INAPA SCN,\VM-PF.IntUser\PDD 30-09-2025.IntPrj\Network Model.IntPrjfolder\Network Data.IntPrjfolder\SUR 69 kV.ElmNet\Demanda Acueducto INAPA SCN.ElmLod,0.3700000047683716,0.1599999964237213,1.0,0
ZBMATF-D2,Demanda 2 Baní Matadero,\VM-PF.IntUser\PDD 30-09-2025.IntPrj\Network Model.IntPrjfolder\Network Data.IntPrjfolder\SUR 69 kV.ElmNet\Demanda 2 Baní Matadero.ElmLod,0.019999999552965164,0.029999999329447746,1.0,0
ZABARF-D1,Demanda Aeropuerto Barahona,\VM-PF.IntUser\PDD 30-09-2025.IntPrj\Network Model.IntPrjfolder\Network Data.IntPrjfolder\SUR 69 kV.ElmNet\Demanda Aeropuerto Barahona.ElmLod,0.07000000029802322,0.029999999329447746,1.0,0
ZLAFZF-D2,Demanda 2 LAFZID,\VM-PF.IntUser\PDD 30-09-2025.IntPrj\Network Model.IntPrjfolder\Network Data.IntPrjfolder\SUR 69 kV.ElmNet\Demanda 2 LAFZID.ElmLod,0.0,0.0,1.0,1
ZSODOF-D1,Demanda SODOCAL,\VM-PF.IntUser\PDD 30-09-2025.IntPrj\Network Model.IntPrjfolder\Network Data.IntPrjfolder\SUR 69 kV.ElmNet\Demanda SODOCAL.ElmLod,0.4000000059604645,0.10999999940395355,1.0,0
ZKQA1F-D1,Demanda Kilómetro 15 Azua,\VM-PF.IntUser\PDD 30-09-2025.IntPrj\Network Model.IntPrjfolder\Network Data.IntPrjfolder\SUR 69 kV.ElmNet\Demanda Kilómetro 15 Azua.ElmLod,11.470000267028809,4.889999866485596,1.0,0
ZBARAF-D1,Demanda Barahona Pueblo,\VM-PF.IntUser\PDD 30-09-2025.IntPrj\Network Model.IntPrjfolder\Network Data.IntPrjfolder\SUR 69 kV.ElmNet\Demanda Barahona Pueblo.ElmLod,27.209999084472656,9.319999694824219,1.0,0
ZSCANK-D1,SSAA Canoa Solar,\VM-PF.IntUser\PDD 30-09-2025.IntPrj\Network Model.IntPrjfolder\Network Data.IntPrjfolder\SUR 69 kV.ElmNet\Canoa Solar.ElmSite\SSAA Canoa Solar.ElmLod,0.0,0.0,1.0,1
ZVALLF-D1,Demanda Vallejuelo,\VM-PF.IntUser\PDD 30-09-2025.IntPrj\Network Model.IntPrjfolder\Network Data.IntPrjfolder\SUR 69 kV.ElmNet\Demanda Vallejuelo.ElmLod,2.049999952316284,0.8799999952316284,1.0,0
ZOJIVF-D1,Demanda Ojiva,\VM-PF.IntUser\PDD 30-09-2025.IntPrj\Network Model.IntPrjfolder\Network Data.IntPrjfolder\SUR 69 kV.ElmNet\Demanda Ojiva.ElmLod,1.4199999570846558,0.05000000074505806,1.0,0
ZQCORF-D1,Demanda Quita Coraza,\VM-PF.IntUser\PDD 30-09-2025.IntPrj\Network Model.IntPrjfolder\Network Data.IntPrjfolder\SUR 69 kV.ElmNet\Demanda Quita Coraza.ElmLod,2.180000066757202,0.9300000071525574,1.0,0
ZCINAF-D2,Demanda 2 Cítricos Nacionales,\VM-PF.IntUser\PDD 30-09-2025.IntPrj\Network Model.IntPrjfolder\Network Data.IntPrjfolder\SUR 69 kV.ElmNet\Demanda 2 Cítricos Nacionales.ElmLod,0.0,0.0,1.0,1
ZREFIF-D2,Demanda 2 REFIDOMSA,\VM-PF.IntUser\PDD 30-09-2025.IntPrj\Network Model.IntPrjfolder\Network Data.IntPrjfolder\SUR 69 kV.ElmNet\Demanda 2 REFIDOMSA.ElmLod,0.20000000298023224,0.2199999988079071,1.0,0
ZKINDF-D1,Demanda Khoury Industrial,\VM-PF.IntUser\PDD 30-09-2025.IntPrj\Network Model.IntPrjfolder\Network Data.IntPrjfolder\SUR 69 kV.ElmNet\Demanda Khoury Industrial.ElmLod,7.730000019073486,3.7899999618530273,1.0,0
ZBANIF-D2,Demanda 2 Baní Pueblo,\VM-PF.IntUser\PDD 30-09-2025.IntPrj\Network Model.IntPrjfolder\Network Data.IntPrjfolder\SUR 69 kV.ElmNet\Demanda 2 Baní Pueblo.ElmLod,17.639999389648438,0.0,1.0,0
ZMVIEF-D2,Demanda 2 Madre Vieja,\VM-PF.IntUser\PDD 30-09-2025.IntPrj\Network Model.IntPrjfolder\Network Data.IntPrjfolder\SUR 69 kV.ElmNet\Demanda 2 Madre Vieja.ElmLod,11.210000038146973,4.269999980926514,1.0,0
ZVALTF-D2,Demanda 2 Villa Altagracia,\VM-PF.IntUser\PDD 30-09-2025.IntPrj\Network Model.IntPrjfolder\Network Data.IntPrjfolder\SUR 69 kV.ElmNet\Demanda 2 Villa Altagracia.ElmLod,0.0,0.0,1.0,1
ZXLUCK-D1,SSAA PF LUCILA,\VM-PF.IntUser\PDD 30-09-2025.IntPrj\Network Model.IntPrjfolder\Network Data.IntPrjfolder\SUR 69 kV.ElmNet\Lucila.ElmSite\SSAA PF LUCILA.ElmLod,0.0,0.0,1.0,1
WJIBPE-D1,69 kV Jimaní D1,\VM-PF.IntUser\PDD 30-09-2025.IntPrj\Network Model.IntPrjfolder\Network Data.IntPrjfolder\SUR 69 kV.ElmNet\69 kV Jimaní D1.ElmLod,0.0,0.0,1.0,0
ZHAIGK-D1,SSAA Haina TG,\VM-PF.IntUser\PDD 30-09-2025.IntPrj\Network Model.IntPrjfolder\Network Data.IntPrjfolder\SUR 138 kV.ElmNet\Haina.ElmSite\SSAA Haina TG.ElmLod,0.0,0.0,1.0,1
ZVALDE-D1,SSAA Valdesia,\VM-PF.IntUser\PDD 30-09-2025.IntPrj\Network Model.IntPrjfolder\Network Data.IntPrjfolder\SUR 138 kV.ElmNet\Valdesia.ElmSite\SSAA Valdesia.ElmLod,0.0,0.0,1.0,1
ZVALDE-D2,Demanda Valdesia,\VM-PF.IntUser\PDD 30-09-2025.IntPrj\Network Model.IntPrjfolder\Network Data.IntPrjfolder\SUR 138 kV.ElmNet\Valdesia.ElmSite\Demanda Valdesia.ElmLod,0.5299999713897705,0.2199999988079071,1.0,0
ZBARCK-D1,SSAA Barahona Carbón,\VM-PF.IntUser\PDD 30-09-2025.IntPrj\Network Model.IntPrjfolder\Network Data.IntPrjfolder\SUR 138 kV.ElmNet\Barahona Carbón.ElmSite\SSAA Barahona Carbón.ElmLod,3.799999952316284,1.6200000047683716,1.0,0
ZJIG1K-D1,SSAA Jigüey 1,\VM-PF.IntUser\PDD 30-09-2025.IntPrj\Network Model.IntPrjfolder\Network Data.IntPrjfolder\SUR 138 kV.ElmNet\Jiguey.ElmSite\SSAA Jigüey 1.ElmLod,0.75,0.3199999928474426,1.0,0
ZJIG2K-D1,SSAA Jigüey 2,\VM-PF.IntUser\PDD 30-09-2025.IntPrj\Network Model.IntPrjfolder\Network Data.IntPrjfolder\SUR 138 kV.ElmNet\Jiguey.ElmSite\SSAA Jigüey 2.ElmLod,1.4900000095367432,0.6399999856948853,1.0,0
ZAGU2K-D1,SSAA Aguacate 2,\VM-PF.IntUser\PDD 30-09-2025.IntPrj\Network Model.IntPrjfolder\Network Data.IntPrjfolder\SUR 138 kV.ElmNet\Aguacate.ElmSite\SSAA Aguacate 2.ElmLod,0.5400000214576721,0.23000000417232513,1.0,0
ZAGU1K-D1,SSAA Aguacate 1,\VM-PF.IntUser\PDD 30-09-2025.IntPrj\Network Model.IntPrjfolder\Network Data.IntPrjfolder\SUR 138 kV.ElmNet\Aguacate.ElmSite\SSAA Aguacate 1.ElmLod,0.5,0.20999999344348907,1.0,0
ZMRI1K-D1,SSAA Monte Río Grupo 1,\VM-PF.IntUser\PDD 30-09-2025.IntPrj\Network Model.IntPrjfolder\Network Data.IntPrjfolder\SUR 138 kV.ElmNet\Monte Río.ElmSite\SSAA Monte Río Grupo 1.ElmLod,1.0299999713897705,0.4399999976158142,1.0,0
ZMRI3K-D1,SSAA Monte Río Grupo 3,\VM-PF.IntUser\PDD 30-09-2025.IntPrj\Network Model.IntPrjfolder\Network Data.IntPrjfolder\SUR 138 kV.ElmNet\Monte Río.ElmSite\SSAA Monte Río Grupo 3.ElmLod,0.8899999856948853,0.3799999952316284,1.0,0
ZITA2K-D1,SSAA Itabo 2,\VM-PF.IntUser\PDD 30-09-2025.IntPrj\Network Model.IntPrjfolder\Network Data.IntPrjfolder\SUR 138 kV.ElmNet\Itabo.ElmSite\SSAA Itabo 2.ElmLod,0.0,0.0,1.0,1
ZITA1K-D1,SSAA Itabo 1,\VM-PF.IntUser\PDD 30-09-2025.IntPrj\Network Model.IntPrjfolder\Network Data.IntPrjfolder\SUR 138 kV.ElmNet\Itabo.ElmSite\SSAA Itabo 1.ElmLod,10.529999732971191,4.480000019073486,1.0,0
ZSLORK-D1,SSAA San Lorenzo,\VM-PF.IntUser\PDD 30-09-2025.IntPrj\Network Model.IntPrjfolder\Network Data.IntPrjfolder\SUR 138 kV.ElmNet\Itabo TG.ElmSite\SSAA San Lorenzo.ElmLod,0.0,0.0,1.0,1
ZLCOCK-D1,SSAA Los Cocos,\VM-PF.IntUser\PDD 30-09-2025.IntPrj\Network Model.IntPrjfolder\Network Data.IntPrjfolder\SUR 138 kV.ElmNet\Los Cocos.ElmSite\SSAA Los Cocos.ElmLod,0.10999999940395355,0.05000000074505806,1.0,0
ZLCOCE-D1,Demanda Los Cocos,\VM-PF.IntUser\PDD 30-09-2025.IntPrj\Network Model.IntPrjfolder\Network Data.IntPrjfolder\SUR 138 kV.ElmNet\Los Cocos.ElmSite\Demanda Los Cocos.ElmLod,7.409999847412109,3.1600000858306885,1.0,0
ZPLM1K-D1,SSAA Palomino 1,\VM-PF.IntUser\PDD 30-09-2025.IntPrj\Network Model.IntPrjfolder\Network Data.IntPrjfolder\SUR 138 kV.ElmNet\Palomino.ElmSite\SSAA Palomino 1.ElmLod,0.0,0.0,1.0,1
ZPLM2K-D1,SSAA Palomino 2,\VM-PF.IntUser\PDD 30-09-2025.IntPrj\Network Model.IntPrjfolder\Network Data.IntPrjfolder\SUR 138 kV.ElmNet\Palomino.ElmSite\SSAA Palomino 2.ElmLod,0.699999988079071,0.30000001192092896,1.0,0
ZXPA1K-D1,SSAA POWERSHIP AZUA KPS 26 1,\VM-PF.IntUser\PDD 30-09-2025.IntPrj\Network Model.IntPrjfolder\Network Data.IntPrjfolder\SUR 138 kV.ElmNet\POWERSHIP AZUA KPS 26.ElmSite\SSAA POWERSHIP AZUA KPS 26 1.ElmLod,1.090000033378601,0.46000000834465027,1.0,0
ZXPA2K-D1,SSAA POWERSHIP AZUA KPS 26 2,\VM-PF.IntUser\PDD 30-09-2025.IntPrj\Network Model.IntPrjfolder\Network Data.IntPrjfolder\SUR 138 kV.ElmNet\POWERSHIP AZUA KPS 26.ElmSite\SSAA POWERSHIP AZUA KPS 26 2.ElmLod,1.0099999904632568,0.33000001311302185,1.0,0
ZXPA3K-D1,SSAA POWERSHIP AZUA KPS 60,\VM-PF.IntUser\PDD 30-09-2025.IntPrj\Network Model.IntPrjfolder\Network Data.IntPrjfolder\SUR 138 kV.ElmNet\POWERSHIP AZUA KPS 60.ElmSite\SSAA POWERSHIP AZUA KPS 60.ElmLod,1.4800000190734863,0.49000000953674316,1.0,0
ZPAQ1K-D1,Demanda Domicem,\VM-PF.IntUser\PDD 30-09-2025.IntPrj\Network Model.IntPrjfolder\Network Data.IntPrjfolder\SUR 138 kV.ElmNet\Palenque.ElmSite\Demanda Domicem.ElmLod,23.079999923706055,6.730000019073486,1.0,0
ZPAQ2K-D1,SSAA Palenque,\VM-PF.IntUser\PDD 30-09-2025.IntPrj\Network Model.IntPrjfolder\Network Data.IntPrjfolder\SUR 138 kV.ElmNet\Palenque.ElmSite\SSAA Palenque.ElmLod,0.47999998927116394,0.20000000298023224,1.0,0
ZMTFNK-D1,SSAA Matafongo,\VM-PF.IntUser\PDD 30-09-2025.IntPrj\Network Model.IntPrjfolder\Network Data.IntPrjfolder\SUR 138 kV.ElmNet\Matafongo.ElmSite\SSAA Matafongo.ElmLod,0.009999999776482582,0.0,1.0,0
ZSCNOE-D1,Demanda San Cristóbal Norte,\VM-PF.IntUser\PDD 30-09-2025.IntPrj\Network Model.IntPrjfolder\Network Data.IntPrjfolder\SUR 138 kV.ElmNet\Demanda San Cristóbal Norte.ElmLod,36.08000183105469,7.329999923706055,1.0,0
ZBAYAK-D1,SSAA Bayasol,\VM-PF.IntUser\PDD 30-09-2025.IntPrj\Network Model.IntPrjfolder\Network Data.IntPrjfolder\SUR 138 kV.ElmNet\Bayasol.ElmSite\SSAA Bayasol.ElmLod,0.0,0.0,1.0,0
ZGIRAK-D1,SSAA Girasol Grupo 1,\VM-PF.IntUser\PDD 30-09-2025.IntPrj\Network Model.IntPrjfolder\Network Data.IntPrjfolder\SUR 138 kV.ElmNet\Girasol.ElmSite\SSAA Girasol Grupo 1.ElmLod,0.0,0.0,1.0,1
ZGIRAK-D2,SSAA Girasol Grupo 2,\VM-PF.IntUser\PDD 30-09-2025.IntPrj\Network Model.IntPrjfolder\Network Data.IntPrjfolder\SUR 138 kV.ElmNet\Girasol.ElmSite\SSAA Girasol Grupo 2.ElmLod,0.0,0.0,1.0,1
ZSANTK-D1,SSAA Santanasol,\VM-PF.IntUser\PDD 30-09-2025.IntPrj\Network Model.IntPrjfolder\Network Data.IntPrjfolder\SUR 138 kV.ElmNet\Santanasol.ElmSite\SSAA Santanasol.ElmLod,0.0,0.0,1.0,1
ZLNEGK-D1,SSAA Los Negros,\VM-PF.IntUser\PDD 30-09-2025.IntPrj\Network Model.IntPrjfolder\Network Data.IntPrjfolder\SUR 138 kV.ElmNet\SSAA Los Negros.ElmLod,0.0,0.0,1.0,1
ZXCA1K-D1,SSAA PF Calabaza 1,\VM-PF.IntUser\PDD 30-09-2025.IntPrj\Network Model.IntPrjfolder\Network Data.IntPrjfolder\SUR 138 kV.ElmNet\Calabaza.ElmSite\SSAA PF Calabaza 1.ElmLod,0.0,0.0,1.0,1
ZPES1K-D1,SSAA Peravia Solar 1,\VM-PF.IntUser\PDD 30-09-2025.IntPrj\Network Model.IntPrjfolder\Network Data.IntPrjfolder\SUR 138 kV.ElmNet\SSAA Peravia Solar 1.ElmLod,0.0,0.0,1.0,1
ZPES2K-D1,SSAA Peravia Solar 2,\VM-PF.IntUser\PDD 30-09-2025.IntPrj\Network Model.IntPrjfolder\Network Data.IntPrjfolder\SUR 138 kV.ElmNet\SSAA Peravia Solar 2.ElmLod,0.0,0.0,1.0,1
WPEBPE-D1,138 kV Pedernales D1,\VM-PF.IntUser\PDD 30-09-2025.IntPrj\Network Model.IntPrjfolder\Network Data.IntPrjfolder\SUR 138 kV.ElmNet\138 kV Pedernales D1.ElmLod,1.0199999809265137,0.3499999940395355,1.0,0
ZXPA4K-D1,SSAA POWERSHIP AZUA KPS56,\VM-PF.IntUser\PDD 30-09-2025.IntPrj\Network Model.IntPrjfolder\Network Data.IntPrjfolder\SUR 138 kV.ElmNet\SSAA POWERSHIP AZUA KPS56.ElmLod,1.2999999523162842,0.4300000071525574,1.0,0
ZAHONF-D1,Demanda 1 Arroyo Hondo,\VM-PF.IntUser\PDD 30-09-2025.IntPrj\Network Model.IntPrjfolder\Network Data.IntPrjfolder\CENTRAL 138 kV.ElmNet\Arroyo Hondo.ElmSite\Demanda 1 Arroyo Hondo.ElmLod,0.0,0.0,1.0,1
ZAHOBF-D1,Demanda 2 Arroyo Hondo,\VM-PF.IntUser\PDD 30-09-2025.IntPrj\Network Model.IntPrjfolder\Network Data.IntPrjfolder\CENTRAL 138 kV.ElmNet\Arroyo Hondo.ElmSite\Demanda 2 Arroyo Hondo.ElmLod,21.969999313354492,6.010000228881836,1.0,0
ZHNVAF-D1,Demanda Herrera Nueva,\VM-PF.IntUser\PDD 30-09-2025.IntPrj\Network Model.IntPrjfolder\Network Data.IntPrjfolder\CENTRAL 138 kV.ElmNet\Herrera.ElmSite\Demanda Herrera Nueva.ElmLod,17.31999969482422,6.25,1.0,0
ZHERRE-D1,Demanda Herrera 138 kV,\VM-PF.IntUser\PDD 30-09-2025.IntPrj\Network Model.IntPrjfolder\Network Data.IntPrjfolder\CENTRAL 138 kV.ElmNet\Herrera.ElmSite\Demanda Herrera 138 kV.ElmLod,32.52000045776367,9.949999809265137,1.0,0
ZDJAOF-D1,Demanda 1 Dajao,\VM-PF.IntUser\PDD 30-09-2025.IntPrj\Network Model.IntPrjfolder\Network Data.IntPrjfolder\CENTRAL 138 kV.ElmNet\Dajao.ElmSite\Demanda 1 Dajao.ElmLod,20.3799991607666,10.59000015258789,1.0,0
ZDJAOF-D2,Demanda 2 Dajao,\VM-PF.IntUser\PDD 30-09-2025.IntPrj\Network Model.IntPrjfolder\Network Data.IntPrjfolder\CENTRAL 138 kV.ElmNet\Dajao.ElmSite\Demanda 2 Dajao.ElmLod,0.0,0.0,1.0,0
ZDJAOE-D1,138 kV Dajao D1,\VM-PF.IntUser\PDD 30-09-2025.IntPrj\Network Model.IntPrjfolder\Network Data.IntPrjfolder\CENTRAL 138 kV.ElmNet\Dajao.ElmSite\138 kV Dajao D1.ElmLod,26.5,11.289999961853027,1.0,0
ZBCHIE-D1,Demanda Boca Chica,\VM-PF.IntUser\PDD 30-09-2025.IntPrj\Network Model.IntPrjfolder\Network Data.IntPrjfolder\CENTRAL 138 kV.ElmNet\Boca Chica.ElmSite\Demanda Boca Chica.ElmLod,39.91999816894531,13.649999618530273,1.0,0
ZHNS1E-D1,Demanda 1 Hainamosa,\VM-PF.IntUser\PDD 30-09-2025.IntPrj\Network Model.IntPrjfolder\Network Data.IntPrjfolder\CENTRAL 138 kV.ElmNet\Hainamosa.ElmSite\Demanda 1 Hainamosa.ElmLod,24.670000076293945,10.319999694824219,1.0,0
ZHNS2E-D1,Demanda 2 Hainamosa,\VM-PF.IntUser\PDD 30-09-2025.IntPrj\Network Model.IntPrjfolder\Network Data.IntPrjfolder\CENTRAL 138 kV.ElmNet\Hainamosa.ElmSite\Demanda 2 Hainamosa.ElmLod,25.020000457763672,10.470000267028809,1.0,0
ZVDU1E-D1,Demanda Villa Duarte,\VM-PF.IntUser\PDD 30-09-2025.IntPrj\Network Model.IntPrjfolder\Network Data.IntPrjfolder\CENTRAL 138 kV.ElmNet\Villa Duarte.ElmSite\Demanda Villa Duarte.ElmLod,26.030000686645508,0.3799999952316284,1.0,0
ZLMI6E-D1,SSAA Los Mina 5 y 6,\VM-PF.IntUser\PDD 30-09-2025.IntPrj\Network Model.IntPrjfolder\Network Data.IntPrjfolder\CENTRAL 138 kV.ElmNet\Los Mina 6.ElmSite\SSAA Los Mina 5 y 6.ElmLod,4.039999961853027,1.7200000286102295,1.0,0
ZAANDE-D1,SSAA AES Andrés,\VM-PF.IntUser\PDD 30-09-2025.IntPrj\Network Model.IntPrjfolder\Network Data.IntPrjfolder\CENTRAL 138 kV.ElmNet\AES Andrés.ElmSite\SSAA AES Andrés.ElmLod,8.899999618530273,3.7899999618530273,1.0,0
ZENADE-D2,Demanda 2 ENADOM,\VM-PF.IntUser\PDD 30-09-2025.IntPrj\Network Model.IntPrjfolder\Network Data.IntPrjfolder\CENTRAL 138 kV.ElmNet\AES Andrés.ElmSite\Demanda 2 ENADOM.ElmLod,0.0,0.0,1.0,1
ZENADE-D1,Demanda 1 ENADOM,\VM-PF.IntUser\PDD 30-09-2025.IntPrj\Network Model.IntPrjfolder\Network Data.IntPrjfolder\CENTRAL 138 kV.ElmNet\AES Andrés.ElmSite\Demanda 1 ENADOM.ElmLod,0.5099999904632568,0.1599999964237213,1.0,0
ZMETAK-D1,SSAA Metaldom,\VM-PF.IntUser\PDD 30-09-2025.IntPrj\Network Model.IntPrjfolder\Network Data.IntPrjfolder\CENTRAL 138 kV.ElmNet\METALDOM.ElmSite\SSAA Metaldom.ElmLod,2.109999895095825,0.8999999761581421,1.0,0
ZVMELE-D1,Demanda 1 Villa Mella,\VM-PF.IntUser\PDD 30-09-2025.IntPrj\Network Model.IntPrjfolder\Network Data.IntPrjfolder\CENTRAL 138 kV.ElmNet\Demanda 1 Villa Mella.ElmLod,20.260000228881836,0.0,1.0,0
ZUASDE-D1,Demanda 1 UASD,\VM-PF.IntUser\PDD 30-09-2025.IntPrj\Network Model.IntPrjfolder\Network Data.IntPrjfolder\CENTRAL 138 kV.ElmNet\Demanda 1 UASD.ElmLod,21.3799991607666,7.079999923706055,1.0,0
ZPARAE-D1,Demanda Paraíso,\VM-PF.IntUser\PDD 30-09-2025.IntPrj\Network Model.IntPrjfolder\Network Data.IntPrjfolder\CENTRAL 138 kV.ElmNet\Demanda Paraíso.ElmLod,42.369998931884766,10.100000381469727,1.0,0
ZLPRAE-D1,Demanda 1 Los Prados,\VM-PF.IntUser\PDD 30-09-2025.IntPrj\Network Model.IntPrjfolder\Network Data.IntPrjfolder\CENTRAL 138 kV.ElmNet\Demanda 1 Los Prados.ElmLod,50.529998779296875,4.929999828338623,1.0,0
ZEMBAE-D1,Demanda 1 Embajador,\VM-PF.IntUser\PDD 30-09-2025.IntPrj\Network Model.IntPrjfolder\Network Data.IntPrjfolder\CENTRAL 138 kV.ElmNet\Demanda 1 Embajador.ElmLod,35.709999084472656,11.710000038146973,1.0,0
ZMATAE-D2,Demanda 2 Matadero,\VM-PF.IntUser\PDD 30-09-2025.IntPrj\Network Model.IntPrjfolder\Network Data.IntPrjfolder\CENTRAL 138 kV.ElmNet\Demanda 2 Matadero.ElmLod,10.4399995803833,1.4800000190734863,1.0,0
ZCNPEE-D1,Demanda 1 César Nicolás Penson,\VM-PF.IntUser\PDD 30-09-2025.IntPrj\Network Model.IntPrjfolder\Network Data.IntPrjfolder\CENTRAL 138 kV.ElmNet\Demanda 1 César Nicolás Penson.ElmLod,25.610000610351562,0.4300000071525574,1.0,0
ZEBRIE-D1,Demanda 1 El Brisal,\VM-PF.IntUser\PDD 30-09-2025.IntPrj\Network Model.IntPrjfolder\Network Data.IntPrjfolder\CENTRAL 138 kV.ElmNet\Demanda 1 El Brisal.ElmLod,46.369998931884766,20.489999771118164,1.0,0
ZTIM2E-D1,Demanda Timbeque 2,\VM-PF.IntUser\PDD 30-09-2025.IntPrj\Network Model.IntPrjfolder\Network Data.IntPrjfolder\CENTRAL 138 kV.ElmNet\Timbeque 2.ElmSite\Demanda Timbeque 2.ElmLod,23.229999542236328,8.600000381469727,1.0,0
ZPALAF-D1,Demanda Palamara,\VM-PF.IntUser\PDD 30-09-2025.IntPrj\Network Model.IntPrjfolder\Network Data.IntPrjfolder\CENTRAL 138 kV.ElmNet\Palamara.ElmSite\Demanda Palamara.ElmLod,35.959999084472656,0.05999999865889549,1.0,0
ZEM21K-D1,SSAA EDM2 G1,\VM-PF.IntUser\PDD 30-09-2025.IntPrj\Network Model.IntPrjfolder\Network Data.IntPrjfolder\CENTRAL 138 kV.ElmNet\EDM 2.ElmSite\SSAA EDM2 G1.ElmLod,1.309999942779541,0.5600000023841858,1.0,0
ZEM22K-D1,SSAA EDM2 G2,\VM-PF.IntUser\PDD 30-09-2025.IntPrj\Network Model.IntPrjfolder\Network Data.IntPrjfolder\CENTRAL 138 kV.ElmNet\EDM 2.ElmSite\SSAA EDM2 G2.ElmLod,1.1799999475479126,0.5,1.0,0
ZXWC2K-D1,SSAA Washington Capital Solar Park 2,\VM-PF.IntUser\PDD 30-09-2025.IntPrj\Network Model.IntPrjfolder\Network Data.IntPrjfolder\CENTRAL 138 kV.ElmNet\Mata de Palma 2.ElmSite\SSAA Washington Capital Solar Park 2.ElmLod,0.0,0.0,1.0,1
ZXWC3K-D1,SSAA Washington Capital Solar Park 3,\VM-PF.IntUser\PDD 30-09-2025.IntPrj\Network Model.IntPrjfolder\Network Data.IntPrjfolder\CENTRAL 138 kV.ElmNet\Mata de Palma 2.ElmSite\SSAA Washington Capital Solar Park 3.ElmLod,0.0,0.0,1.0,1
ZLMI7E-D1,SSAA Los Mina 7,\VM-PF.IntUser\PDD 30-09-2025.IntPrj\Network Model.IntPrjfolder\Network Data.IntPrjfolder\CENTRAL 138 kV.ElmNet\Los Mina 7.ElmSite\SSAA Los Mina 7.ElmLod,2.180000066757202,0.9300000071525574,1.0,0
ZCNPEE-D2,Demanda 2 César Nicolás Penson,\VM-PF.IntUser\PDD 30-09-2025.IntPrj\Network Model.IntPrjfolder\Network Data.IntPrjfolder\CENTRAL 138 kV.ElmNet\Demanda 2 César Nicolás Penson.ElmLod,0.0,0.0,1.0,1
ZLPRAE-D2,Demanda 2 Los Prados,\VM-PF.IntUser\PDD 30-09-2025.IntPrj\Network Model.IntPrjfolder\Network Data.IntPrjfolder\CENTRAL 138 kV.ElmNet\Demanda 2 Los Prados.ElmLod,1.6299999952316284,0.7900000214576721,1.0,0
ZUASDE-D2,Demanda 2 UASD,\VM-PF.IntUser\PDD 30-09-2025.IntPrj\Network Model.IntPrjfolder\Network Data.IntPrjfolder\CENTRAL 138 kV.ElmNet\Demanda 2 UASD.ElmLod,20.440000534057617,0.0,1.0,0
ZLMINE-D1,Demanda 2 Los Mina,\VM-PF.IntUser\PDD 30-09-2025.IntPrj\Network Model.IntPrjfolder\Network Data.IntPrjfolder\CENTRAL 138 kV.ElmNet\Demanda 2 Los Mina.ElmLod,62.7599983215332,9.359999656677246,1.0,0
ZLM21E-D1,Demanda 1 Los Mina,\VM-PF.IntUser\PDD 30-09-2025.IntPrj\Network Model.IntPrjfolder\Network Data.IntPrjfolder\CENTRAL 138 kV.ElmNet\Demanda 1 Los Mina.ElmLod,0.0,0.0,1.0,0
ZLISAE-D1,Demanda La Isabela,\VM-PF.IntUser\PDD 30-09-2025.IntPrj\Network Model.IntPrjfolder\Network Data.IntPrjfolder\CENTRAL 138 kV.ElmNet\Demanda La Isabela.ElmLod,9.739999771118164,0.0,1.0,0
ZMETRF-D1,Demanda 1 Metropolitano,\VM-PF.IntUser\PDD 30-09-2025.IntPrj\Network Model.IntPrjfolder\Network Data.IntPrjfolder\CENTRAL 138 kV.ElmNet\Metropolitano.ElmSite\Demanda 1 Metropolitano.ElmLod,25.440000534057617,0.30000001192092896,1.0,0
ZMETRF-D2,Demanda 2 Metropolitano,\VM-PF.IntUser\PDD 30-09-2025.IntPrj\Network Model.IntPrjfolder\Network Data.IntPrjfolder\CENTRAL 138 kV.ElmNet\Metropolitano.ElmSite\Demanda 2 Metropolitano.ElmLod,0.0,0.0,1.0,1
ZUASDE-D3,Demanda 3 UASD,\VM-PF.IntUser\PDD 30-09-2025.IntPrj\Network Model.IntPrjfolder\Network Data.IntPrjfolder\CENTRAL 138 kV.ElmNet\Demanda 3 UASD.ElmLod,0.0,0.0,1.0,1
ZEMBAE-D2,Demanda 2 Embajador,\VM-PF.IntUser\PDD 30-09-2025.IntPrj\Network Model.IntPrjfolder\Network Data.IntPrjfolder\CENTRAL 138 kV.ElmNet\Demanda 2 Embajador.ElmLod,32.880001068115234,14.010000228881836,1.0,0
ZLPRAE-D3,Demanda 3 Los Prados,\VM-PF.IntUser\PDD 30-09-2025.IntPrj\Network Model.IntPrjfolder\Network Data.IntPrjfolder\CENTRAL 138 kV.ElmNet\Demanda 3 Los Prados.ElmLod,28.239999771118164,5.860000133514404,1.0,0
ZEBRIE-D2,Demanda 2 El Brisal,\VM-PF.IntUser\PDD 30-09-2025.IntPrj\Network Model.IntPrjfolder\Network Data.IntPrjfolder\CENTRAL 138 kV.ElmNet\Demanda 2 El Brisal.ElmLod,34.70000076293945,15.329999923706055,1.0,0
ZVMELE-D2,Demanda 2 Villa Mella,\VM-PF.IntUser\PDD 30-09-2025.IntPrj\Network Model.IntPrjfolder\Network Data.IntPrjfolder\CENTRAL 138 kV.ElmNet\Demanda 2 Villa Mella.ElmLod,40.72999954223633,0.27000001072883606,1.0,0
ZLVICK-D1,SSAA La Victoria,\VM-PF.IntUser\PDD 30-09-2025.IntPrj\Network Model.IntPrjfolder\Network Data.IntPrjfolder\CENTRAL 138 kV.ElmNet\La Victoria.ElmSite\SSAA La Victoria.ElmLod,0.0,0.0,1.0,1
ZMIRAK-D1,SSAA Mirasol,\VM-PF.IntUser\PDD 30-09-2025.IntPrj\Network Model.IntPrjfolder\Network Data.IntPrjfolder\CENTRAL 138 kV.ElmNet\Mirasol(1).ElmSite\SSAA Mirasol.ElmLod,0.0,0.0,1.0,1
ZXSI1K-D1,SSAA SIBA Grupo 1,\VM-PF.IntUser\PDD 30-09-2025.IntPrj\Network Model.IntPrjfolder\Network Data.IntPrjfolder\CENTRAL 138 kV.ElmNet\SIBA.ElmSite\SSAA SIBA Grupo 1.ElmLod,0.019999999552965164,0.009999999776482582,1.0,0
ZXSI2K-D1,SSAA SIBA Grupo 2,\VM-PF.IntUser\PDD 30-09-2025.IntPrj\Network Model.IntPrjfolder\Network Data.IntPrjfolder\CENTRAL 138 kV.ElmNet\SIBA.ElmSite\SSAA SIBA Grupo 2.ElmLod,0.699999988079071,0.30000001192092896,1.0,0
ZXSI3K-D1,SSAA SIBA Grupo 3,\VM-PF.IntUser\PDD 30-09-2025.IntPrj\Network Model.IntPrjfolder\Network Data.IntPrjfolder\CENTRAL 138 kV.ElmNet\SIBA.ElmSite\SSAA SIBA Grupo 3.ElmLod,0.0,0.0,1.0,1
ZXSI4K-D1,SSAA SIBA Grupo 4,\VM-PF.IntUser\PDD 30-09-2025.IntPrj\Network Model.IntPrjfolder\Network Data.IntPrjfolder\CENTRAL 138 kV.ElmNet\SIBA.ElmSite\SSAA SIBA Grupo 4.ElmLod,0.699999988079071,0.30000001192092896,1.0,0
ZXSI5K-D1,SSAA SIBA Grupo 5,\VM-PF.IntUser\PDD 30-09-2025.IntPrj\Network Model.IntPrjfolder\Network Data.IntPrjfolder\CENTRAL 138 kV.ElmNet\SIBA.ElmSite\SSAA SIBA Grupo 5.ElmLod,0.699999988079071,0.30000001192092896,1.0,0
ZXSI6K-D1,SSAA SIBA Grupo 6,\VM-PF.IntUser\PDD 30-09-2025.IntPrj\Network Model.IntPrjfolder\Network Data.IntPrjfolder\CENTRAL 138 kV.ElmNet\SSAA SIBA Grupo 6.ElmLod,1.0499999523162842,0.44999998807907104,1.0,0
ZVMELE-D3,Demanda 3 Villa Mella,\VM-PF.IntUser\PDD 30-09-2025.IntPrj\Network Model.IntPrjfolder\Network Data.IntPrjfolder\CENTRAL 138 kV.ElmNet\Demanda 3 Villa Mella.ElmLod,23.0,23.90999984741211,1.0,0
ZPARAE-D3,Demanda 3 Paraíso,\VM-PF.IntUser\PDD 30-09-2025.IntPrj\Network Model.IntPrjfolder\Network Data.IntPrjfolder\CENTRAL 138 kV.ElmNet\Demanda 3 Paraíso.ElmLod,0.0,0.0,1.0,0
ZMATAE-D1,Demanda 1 Matadero,\VM-PF.IntUser\PDD 30-09-2025.IntPrj\Network Model.IntPrjfolder\Network Data.IntPrjfolder\CENTRAL 138 kV.ElmNet\Demanda 1 Matadero.ElmLod,27.670000076293945,4.900000095367432,1.0,0
ZFOCHF-D1,Demanda Ferretería Ochoa,\VM-PF.IntUser\PDD 30-09-2025.IntPrj\Network Model.IntPrjfolder\Network Data.IntPrjfolder\NORTE 69 kV.ElmNet\Demanda Ferretería Ochoa.ElmLod,0.17000000178813934,0.07000000029802322,1.0,0
ZZPISF-D1,Demanda ZF Pisano,\VM-PF.IntUser\PDD 30-09-2025.IntPrj\Network Model.IntPrjfolder\Network Data.IntPrjfolder\NORTE 69 kV.ElmNet\Demanda ZF Pisano.ElmLod,1.100000023841858,0.8500000238418579,1.0,0
ZXEANF-D1,Demanda Envases Antillanos,\VM-PF.IntUser\PDD 30-09-2025.IntPrj\Network Model.IntPrjfolder\Network Data.IntPrjfolder\NORTE 69 kV.ElmNet\Demanda Envases Antillanos.ElmLod,0.46000000834465027,0.2199999988079071,1.0,0
ZNAVAF-D1,Demanda Navarrete Distribución,\VM-PF.IntUser\PDD 30-09-2025.IntPrj\Network Model.IntPrjfolder\Network Data.IntPrjfolder\NORTE 69 kV.ElmNet\Demanda Navarrete Distribución.ElmLod,11.300000190734863,2.4000000953674316,1.0,0
ZPIMCF-D1,Demanda PIMCO,\VM-PF.IntUser\PDD 30-09-2025.IntPrj\Network Model.IntPrjfolder\Network Data.IntPrjfolder\NORTE 69 kV.ElmNet\Demanda PIMCO.ElmLod,1.6799999475479126,0.6399999856948853,1.0,0
ZACIBF-D1,Demanda Acero Cibao,\VM-PF.IntUser\PDD 30-09-2025.IntPrj\Network Model.IntPrjfolder\Network Data.IntPrjfolder\NORTE 69 kV.ElmNet\Demanda Acero Cibao.ElmLod,0.7900000214576721,0.17000000178813934,1.0,0
ZAPFAF-D1,Demanda Art Piel Favoritos,\VM-PF.IntUser\PDD 30-09-2025.IntPrj\Network Model.IntPrjfolder\Network Data.IntPrjfolder\NORTE 69 kV.ElmNet\Demanda Art Piel Favoritos.ElmLod,0.07999999821186066,0.07999999821186066,1.0,0
ZBALDF-D1,Demanda Baltimore Dominicana,\VM-PF.IntUser\PDD 30-09-2025.IntPrj\Network Model.IntPrjfolder\Network Data.IntPrjfolder\NORTE 69 kV.ElmNet\Demanda Baltimore Dominicana.ElmLod,1.2799999713897705,0.3700000047683716,1.0,0
ZAQUIF-D1,Demanda Acueducto Quinigua,\VM-PF.IntUser\PDD 30-09-2025.IntPrj\Network Model.IntPrjfolder\Network Data.IntPrjfolder\NORTE 69 kV.ElmNet\Demanda Acueducto Quinigua.ElmLod,0.009999999776482582,0.019999999552965164,1.0,0
ZQUINF-D1,Demanda Quinigua,\VM-PF.IntUser\PDD 30-09-2025.IntPrj\Network Model.IntPrjfolder\Network Data.IntPrjfolder\NORTE 69 kV.ElmNet\Demanda Quinigua.ElmLod,14.319999694824219,5.559999942779541,1.0,0
ZFOLVF-D1,Demanda Ferretería Ochoa Las Lavas,\VM-PF.IntUser\PDD 30-09-2025.IntPrj\Network Model.IntPrjfolder\Network Data.IntPrjfolder\NORTE 69 kV.ElmNet\Demanda Ferretería Ochoa Las Lavas.ElmLod,1.1699999570846558,0.3799999952316284,1.0,0
ZCESPF-D1,Demanda 1 Cruce de Esperanza,\VM-PF.IntUser\PDD 30-09-2025.IntPrj\Network Model.IntPrjfolder\Network Data.IntPrjfolder\NORTE 69 kV.ElmNet\Demanda 1 Cruce de Esperanza.ElmLod,18.1299991607666,7.699999809265137,1.0,0
ZZESPF-D1,Demanda ZF Esperanza,\VM-PF.IntUser\PDD 30-09-2025.IntPrj\Network Model.IntPrjfolder\Network Data.IntPrjfolder\NORTE 69 kV.ElmNet\Demanda ZF Esperanza.ElmLod,0.18000000715255737,0.11999999731779099,1.0,0
ZPPLIF-D1,Demanda Portela Pasta Linda,\VM-PF.IntUser\PDD 30-09-2025.IntPrj\Network Model.IntPrjfolder\Network Data.IntPrjfolder\NORTE 69 kV.ElmNet\Demanda Portela Pasta Linda.ElmLod,0.6899999976158142,0.009999999776482582,1.0,0
ZIMBEF-D1,Demanda Imbert,\VM-PF.IntUser\PDD 30-09-2025.IntPrj\Network Model.IntPrjfolder\Network Data.IntPrjfolder\NORTE 69 kV.ElmNet\Demanda Imbert.ElmLod,9.390000343322754,3.2799999713897705,1.0,0
ZSJMAF-D1,Demanda San José de las Matas,\VM-PF.IntUser\PDD 30-09-2025.IntPrj\Network Model.IntPrjfolder\Network Data.IntPrjfolder\NORTE 69 kV.ElmNet\Demanda San José de las Matas.ElmLod,8.819999694824219,1.2799999713897705,1.0,0
ZCABAF-D1,Demanda Cabarete,\VM-PF.IntUser\PDD 30-09-2025.IntPrj\Network Model.IntPrjfolder\Network Data.IntPrjfolder\NORTE 69 kV.ElmNet\Demanda Cabarete.ElmLod,6.559999942779541,1.1200000047683716,1.0,0
ZHMSAF-D1,Demanda Hospital Metropilitano Stgo,\VM-PF.IntUser\PDD 30-09-2025.IntPrj\Network Model.IntPrjfolder\Network Data.IntPrjfolder\NORTE 69 kV.ElmNet\Demanda Hospital Metropilitano Stgo.ElmLod,1.440000057220459,0.20999999344348907,1.0,0
ZPPELF-D1,Demanda Puerto Plata Electricidad,\VM-PF.IntUser\PDD 30-09-2025.IntPrj\Network Model.IntPrjfolder\Network Data.IntPrjfolder\NORTE 69 kV.ElmNet\Demanda Puerto Plata Electricidad.ElmLod,7.420000076293945,1.6200000047683716,1.0,0
ZUMEDF-D1,Demanda Unión Médica,\VM-PF.IntUser\PDD 30-09-2025.IntPrj\Network Model.IntPrjfolder\Network Data.IntPrjfolder\NORTE 69 kV.ElmNet\Demanda Unión Médica.ElmLod,1.5099999904632568,0.6399999856948853,1.0,0
ZCIPAF-D1,Demanda Caribbean Industrial Park,\VM-PF.IntUser\PDD 30-09-2025.IntPrj\Network Model.IntPrjfolder\Network Data.IntPrjfolder\NORTE 69 kV.ElmNet\Demanda Caribbean Industrial Park.ElmLod,2.0,0.20000000298023224,1.0,0
ZPDORF-D1,Demanda Playa Dorada,\VM-PF.IntUser\PDD 30-09-2025.IntPrj\Network Model.IntPrjfolder\Network Data.IntPrjfolder\NORTE 69 kV.ElmNet\Demanda Playa Dorada.ElmLod,4.71999979019165,1.440000057220459,1.0,0
ZZGURF-D1,Demanda ZF Gurabo,\VM-PF.IntUser\PDD 30-09-2025.IntPrj\Network Model.IntPrjfolder\Network Data.IntPrjfolder\NORTE 69 kV.ElmNet\Demanda ZF Gurabo.ElmLod,0.3499999940395355,0.11999999731779099,1.0,0
ZVOLGF-D1,Demanda Villa Olga,\VM-PF.IntUser\PDD 30-09-2025.IntPrj\Network Model.IntPrjfolder\Network Data.IntPrjfolder\NORTE 69 kV.ElmNet\Demanda Villa Olga.ElmLod,22.40999984741211,5.639999866485596,1.0,0
ZELJIF-D1,Demanda E León Jiménez,\VM-PF.IntUser\PDD 30-09-2025.IntPrj\Network Model.IntPrjfolder\Network Data.IntPrjfolder\NORTE 69 kV.ElmNet\Demanda E León Jiménez.ElmLod,0.7699999809265137,0.33000001311302185,1.0,0
ZPPRIF-D1,Demanda Pastas Princesa,\VM-PF.IntUser\PDD 30-09-2025.IntPrj\Network Model.IntPrjfolder\Network Data.IntPrjfolder\NORTE 69 kV.ElmNet\Demanda Pastas Princesa.ElmLod,1.3200000524520874,0.7099999785423279,1.0,0
ZZLICF-D1,Demanda ZF Licey,\VM-PF.IntUser\PDD 30-09-2025.IntPrj\Network Model.IntPrjfolder\Network Data.IntPrjfolder\NORTE 69 kV.ElmNet\Demanda ZF Licey.ElmLod,0.05000000074505806,0.05999999865889549,1.0,0
ZMVCIF-D1,Demanda Molinos Valle Cibao,\VM-PF.IntUser\PDD 30-09-2025.IntPrj\Network Model.IntPrjfolder\Network Data.IntPrjfolder\NORTE 69 kV.ElmNet\Demanda Molinos Valle Cibao.ElmLod,1.7300000190734863,0.6399999856948853,1.0,0
ZDPEDF-D1,Demanda Don Pedro,\VM-PF.IntUser\PDD 30-09-2025.IntPrj\Network Model.IntPrjfolder\Network Data.IntPrjfolder\NORTE 69 kV.ElmNet\Demanda Don Pedro.ElmLod,17.6299991607666,5.940000057220459,1.0,0
ZSYASF-D1,Demanda Sabaneta de Yásica,\VM-PF.IntUser\PDD 30-09-2025.IntPrj\Network Model.IntPrjfolder\Network Data.IntPrjfolder\NORTE 69 kV.ElmNet\Demanda Sabaneta de Yásica.ElmLod,10.359999656677246,3.1600000858306885,1.0,0
ZSOSUF-D1,Demanda Sosúa,\VM-PF.IntUser\PDD 30-09-2025.IntPrj\Network Model.IntPrjfolder\Network Data.IntPrjfolder\NORTE 69 kV.ElmNet\Demanda Sosúa.ElmLod,14.399999618530273,4.239999771118164,1.0,0
ZAISOF-D1,Demanda Acueducto INAPA Sosúa,\VM-PF.IntUser\PDD 30-09-2025.IntPrj\Network Model.IntPrjfolder\Network Data.IntPrjfolder\NORTE 69 kV.ElmNet\Demanda Acueducto INAPA Sosúa.ElmLod,2.430000066757202,0.5,1.0,0
ZAPPLF-D1,Demanda Aeropuerto de Puerto Plata,\VM-PF.IntUser\PDD 30-09-2025.IntPrj\Network Model.IntPrjfolder\Network Data.IntPrjfolder\NORTE 69 kV.ElmNet\Demanda Aeropuerto de Puerto Plata.ElmLod,6.710000038146973,1.6399999856948853,1.0,0
ZCODAF-D1,Demanda 1 CODAL,\VM-PF.IntUser\PDD 30-09-2025.IntPrj\Network Model.IntPrjfolder\Network Data.IntPrjfolder\NORTE 69 kV.ElmNet\Demanda 1 CODAL.ElmLod,0.0,0.0,1.0,1
ZECHIF-D1,Demanda 1 El Chivo,\VM-PF.IntUser\PDD 30-09-2025.IntPrj\Network Model.IntPrjfolder\Network Data.IntPrjfolder\NORTE 69 kV.ElmNet\Demanda 1 El Chivo.ElmLod,26.610000610351562,9.65999984741211,1.0,0
ZGRSFF-D1,Demanda Grupo Ramos SFM,\VM-PF.IntUser\PDD 30-09-2025.IntPrj\Network Model.IntPrjfolder\Network Data.IntPrjfolder\NORTE 69 kV.ElmNet\Demanda Grupo Ramos SFM.ElmLod,0.6100000143051147,0.25999999046325684,1.0,0
ZLCBOF-D1,Demanda La Cumbre Bonao,\VM-PF.IntUser\PDD 30-09-2025.IntPrj\Network Model.IntPrjfolder\Network Data.IntPrjfolder\NORTE 69 kV.ElmNet\Demanda La Cumbre Bonao.ElmLod,1.649999976158142,0.8100000023841858,1.0,0
ZPIN2K-D1,SSAA Pinalito 2,\VM-PF.IntUser\PDD 30-09-2025.IntPrj\Network Model.IntPrjfolder\Network Data.IntPrjfolder\NORTE 69 kV.ElmNet\Pinalito.ElmSite\SSAA Pinalito 2.ElmLod,0.49000000953674316,0.20999999344348907,1.0,0
ZPIN1K-D1,SSAA Pinalito 1,\VM-PF.IntUser\PDD 30-09-2025.IntPrj\Network Model.IntPrjfolder\Network Data.IntPrjfolder\NORTE 69 kV.ElmNet\Pinalito.ElmSite\SSAA Pinalito 1.ElmLod,0.0,0.0,1.0,1
ZRBL2K-D1,SSAA Río Blanco,\VM-PF.IntUser\PDD 30-09-2025.IntPrj\Network Model.IntPrjfolder\Network Data.IntPrjfolder\NORTE 69 kV.ElmNet\Río Blanco.ElmSite\SSAA Río Blanco.ElmLod,0.23999999463558197,0.10000000149011612,1.0,0
ZPIMEF-D1,Demanda Pimentel,\VM-PF.IntUser\PDD 30-09-2025.IntPrj\Network Model.IntPrjfolder\Network Data.IntPrjfolder\NORTE 69 kV.ElmNet\Demanda Pimentel.ElmLod,5.510000228881836,1.1200000047683716,1.0,0
ZCOTUF-D1,Demanda Cotuí,\VM-PF.IntUser\PDD 30-09-2025.IntPrj\Network Model.IntPrjfolder\Network Data.IntPrjfolder\NORTE 69 kV.ElmNet\Demanda Cotuí.ElmLod,30.329999923706055,6.159999847412109,1.0,0
ZMAIMF-D1,Demanda Maimón,\VM-PF.IntUser\PDD 30-09-2025.IntPrj\Network Model.IntPrjfolder\Network Data.IntPrjfolder\NORTE 69 kV.ElmNet\Demanda Maimón.ElmLod,14.569999694824219,2.9600000381469727,1.0,0
ZRINCK-D1,SSAA Rincón,\VM-PF.IntUser\PDD 30-09-2025.IntPrj\Network Model.IntPrjfolder\Network Data.IntPrjfolder\NORTE 69 kV.ElmNet\Rincón.ElmSite\SSAA Rincón.ElmLod,0.0,0.0,1.0,1
ZNAGUF-D1,Demanda Nagua,\VM-PF.IntUser\PDD 30-09-2025.IntPrj\Network Model.IntPrjfolder\Network Data.IntPrjfolder\NORTE 69 kV.ElmNet\Nagua/Rosa Julia de la Cruz.ElmSite\Demanda Nagua.ElmLod,21.34000015258789,7.889999866485596,1.0,0
ZRJCRK-D1,SSAA Rosa Julia De La Cruz,\VM-PF.IntUser\PDD 30-09-2025.IntPrj\Network Model.IntPrjfolder\Network Data.IntPrjfolder\NORTE 69 kV.ElmNet\Nagua/Rosa Julia de la Cruz.ElmSite\SSAA Rosa Julia De La Cruz.ElmLod,0.0,0.0,1.0,1
ZAPERF-D1,Demanda Abanico Per,\VM-PF.IntUser\PDD 30-09-2025.IntPrj\Network Model.IntPrjfolder\Network Data.IntPrjfolder\NORTE 69 kV.ElmNet\Demanda Abanico Per.ElmLod,11.479999542236328,2.3299999237060547,1.0,0
ZPAYIF-D1,Demanda Payita,\VM-PF.IntUser\PDD 30-09-2025.IntPrj\Network Model.IntPrjfolder\Network Data.IntPrjfolder\NORTE 69 kV.ElmNet\Demanda Payita.ElmLod,7.659999847412109,3.0299999713897705,1.0,0
ZRNUEF-D1,Demanda Rincón Nueva,\VM-PF.IntUser\PDD 30-09-2025.IntPrj\Network Model.IntPrjfolder\Network Data.IntPrjfolder\NORTE 69 kV.ElmNet\Demanda Rincón Nueva.ElmLod,7.539999961853027,1.8600000143051147,1.0,0
ZLVEGF-D1,Demanda La Vega,\VM-PF.IntUser\PDD 30-09-2025.IntPrj\Network Model.IntPrjfolder\Network Data.IntPrjfolder\NORTE 69 kV.ElmNet\Demanda La Vega.ElmLod,21.260000228881836,5.909999847412109,1.0,0
ZCONSF-D1,Demanda Constanza,\VM-PF.IntUser\PDD 30-09-2025.IntPrj\Network Model.IntPrjfolder\Network Data.IntPrjfolder\NORTE 69 kV.ElmNet\Constanza/El Salto.ElmSite\Demanda Constanza.ElmLod,6.789999961853027,1.3300000429153442,1.0,0
ZESALK-D1,SSAA El Salto,\VM-PF.IntUser\PDD 30-09-2025.IntPrj\Network Model.IntPrjfolder\Network Data.IntPrjfolder\NORTE 69 kV.ElmNet\Constanza/El Salto.ElmSite\SSAA El Salto.ElmLod,0.0,0.0,1.0,1
ZZLVEF-D1,Demanda ZF La Vega,\VM-PF.IntUser\PDD 30-09-2025.IntPrj\Network Model.IntPrjfolder\Network Data.IntPrjfolder\NORTE 69 kV.ElmNet\Demanda ZF La Vega.ElmLod,5.239999771118164,0.4099999964237213,1.0,0
ZERIOF-D1,Demanda El Río,\VM-PF.IntUser\PDD 30-09-2025.IntPrj\Network Model.IntPrjfolder\Network Data.IntPrjfolder\NORTE 69 kV.ElmNet\Demanda El Río.ElmLod,1.7100000381469727,0.20999999344348907,1.0,0
ZLVE1K-D1,SSAA La Vega Grupo 1,\VM-PF.IntUser\PDD 30-09-2025.IntPrj\Network Model.IntPrjfolder\Network Data.IntPrjfolder\NORTE 69 kV.ElmNet\Diésel La Vega.ElmSite\SSAA La Vega Grupo 1.ElmLod,3.2100000381469727,1.3700000047683716,1.0,0
ZLVE2K-D1,SSAA La Vega Grupo 2,\VM-PF.IntUser\PDD 30-09-2025.IntPrj\Network Model.IntPrjfolder\Network Data.IntPrjfolder\NORTE 69 kV.ElmNet\Diésel La Vega.ElmSite\SSAA La Vega Grupo 2.ElmLod,0.75,0.3199999928474426,1.0,0
ZCVEGF-D1,Demanda Cervecería Vegana,\VM-PF.IntUser\PDD 30-09-2025.IntPrj\Network Model.IntPrjfolder\Network Data.IntPrjfolder\NORTE 69 kV.ElmNet\Demanda Cervecería Vegana.ElmLod,0.6600000262260437,0.07000000029802322,1.0,0
ZLVPEF-D1,Demanda La Vega Per,\VM-PF.IntUser\PDD 30-09-2025.IntPrj\Network Model.IntPrjfolder\Network Data.IntPrjfolder\NORTE 69 kV.ElmNet\Demanda La Vega Per.ElmLod,26.309999465942383,0.18000000715255737,1.0,0
ZCENOF-D1,Demanda CENOVI,\VM-PF.IntUser\PDD 30-09-2025.IntPrj\Network Model.IntPrjfolder\Network Data.IntPrjfolder\NORTE 69 kV.ElmNet\Demanda CENOVI.ElmLod,9.050000190734863,3.2799999713897705,1.0,0
ZBPERF-D1,Demanda Bonao PER,\VM-PF.IntUser\PDD 30-09-2025.IntPrj\Network Model.IntPrjfolder\Network Data.IntPrjfolder\NORTE 69 kV.ElmNet\Bonao PER/Anaiana Vargas.ElmSite\Demanda Bonao PER.ElmLod,19.709999084472656,6.480000019073486,1.0,0
ZBPERF-D2,Demanda 2 Bonao PER,\VM-PF.IntUser\PDD 30-09-2025.IntPrj\Network Model.IntPrjfolder\Network Data.IntPrjfolder\NORTE 69 kV.ElmNet\Bonao PER/Anaiana Vargas.ElmSite\ZBPERF.ElmSubstat\Demanda 2 Bonao PER.ElmLod,18.40999984741211,6.050000190734863,1.0,0
ZAVA1K-D1,SSAA Aniana Vargas,\VM-PF.IntUser\PDD 30-09-2025.IntPrj\Network Model.IntPrjfolder\Network Data.IntPrjfolder\NORTE 69 kV.ElmNet\Bonao PER/Anaiana Vargas.ElmSite\SSAA Aniana Vargas.ElmLod,0.0,0.0,1.0,0
ZBONAF-D1,Demanda Bonao,\VM-PF.IntUser\PDD 30-09-2025.IntPrj\Network Model.IntPrjfolder\Network Data.IntPrjfolder\NORTE 69 kV.ElmNet\Demanda Bonao.ElmLod,4.570000171661377,1.0199999809265137,1.0,0
ZJIMEK-D1,SSAA Jimenoa,\VM-PF.IntUser\PDD 30-09-2025.IntPrj\Network Model.IntPrjfolder\Network Data.IntPrjfolder\NORTE 69 kV.ElmNet\Jimenoa.ElmSite\SSAA Jimenoa.ElmLod,0.11999999731779099,0.05000000074505806,1.0,0
ZMOCAF-D1,Demanda Moca,\VM-PF.IntUser\PDD 30-09-2025.IntPrj\Network Model.IntPrjfolder\Network Data.IntPrjfolder\NORTE 69 kV.ElmNet\Demanda Moca.ElmLod,22.059999465942383,9.329999923706055,1.0,0
ZHJBOF-D1,Demanda Hospital Juan Bosch,\VM-PF.IntUser\PDD 30-09-2025.IntPrj\Network Model.IntPrjfolder\Network Data.IntPrjfolder\NORTE 69 kV.ElmNet\Demanda Hospital Juan Bosch.ElmLod,0.5600000023841858,0.33000001311302185,1.0,0
ZJARAF-D1,Demanda Jarabacoa,\VM-PF.IntUser\PDD 30-09-2025.IntPrj\Network Model.IntPrjfolder\Network Data.IntPrjfolder\NORTE 69 kV.ElmNet\Demanda Jarabacoa.ElmLod,17.1200008392334,7.210000038146973,1.0,0
ZZDRIF-D1,Demanda ZF Dos Ríos,\VM-PF.IntUser\PDD 30-09-2025.IntPrj\Network Model.IntPrjfolder\Network Data.IntPrjfolder\NORTE 69 kV.ElmNet\Demanda ZF Dos Ríos.ElmLod,5.900000095367432,2.509999990463257,1.0,0
ZXINDF-D1,Demanda INDUVECA,\VM-PF.IntUser\PDD 30-09-2025.IntPrj\Network Model.IntPrjfolder\Network Data.IntPrjfolder\NORTE 69 kV.ElmNet\Demanda INDUVECA.ElmLod,3.009999990463257,1.4600000381469727,1.0,0
ZTIREF-D1,Demanda Tireo,\VM-PF.IntUser\PDD 30-09-2025.IntPrj\Network Model.IntPrjfolder\Network Data.IntPrjfolder\NORTE 69 kV.ElmNet\Demanda Tireo.ElmLod,1.899999976158142,0.3799999952316284,1.0,0
ZAHMIF-D1,Demanda Acueducto Hermanas Mirabal,\VM-PF.IntUser\PDD 30-09-2025.IntPrj\Network Model.IntPrjfolder\Network Data.IntPrjfolder\NORTE 69 kV.ElmNet\Demanda Acueducto Hermanas Mirabal.ElmLod,0.9700000286102295,0.20000000298023224,1.0,0
ZPBAJF-D1,Demanda Paso Bajito,\VM-PF.IntUser\PDD 30-09-2025.IntPrj\Network Model.IntPrjfolder\Network Data.IntPrjfolder\NORTE 69 kV.ElmNet\Demanda Paso Bajito.ElmLod,0.7699999809265137,0.1899999976158142,1.0,0
ZHATIK-D1,SSAA Hatillo 1,\VM-PF.IntUser\PDD 30-09-2025.IntPrj\Network Model.IntPrjfolder\Network Data.IntPrjfolder\NORTE 69 kV.ElmNet\Hatillo.ElmSite\SSAA Hatillo 1.ElmLod,0.1599999964237213,0.07000000029802322,1.0,0
ZHAT2K-D1,SSAA Hatillo 2,\VM-PF.IntUser\PDD 30-09-2025.IntPrj\Network Model.IntPrjfolder\Network Data.IntPrjfolder\NORTE 69 kV.ElmNet\Hatillo.ElmSite\SSAA Hatillo 2.ElmLod,0.029999999329447746,0.019999999552965164,1.0,0
ZPGARF-D1,Demanda Pedro García,\VM-PF.IntUser\PDD 30-09-2025.IntPrj\Network Model.IntPrjfolder\Network Data.IntPrjfolder\NORTE 69 kV.ElmNet\Demanda Pedro García.ElmLod,1.4500000476837158,0.47999998927116394,1.0,0
ZBDERK-D1,SSAA Brazo Derecho,\VM-PF.IntUser\PDD 30-09-2025.IntPrj\Network Model.IntPrjfolder\Network Data.IntPrjfolder\NORTE 69 kV.ElmNet\Brazo Derecho.ElmSite\SSAA Brazo Derecho.ElmLod,0.0,0.0,1.0,1
ZABISF-D1,Demanda Arturo Bisonó,\VM-PF.IntUser\PDD 30-09-2025.IntPrj\Network Model.IntPrjfolder\Network Data.IntPrjfolder\NORTE 69 kV.ElmNet\Demanda Arturo Bisonó.ElmLod,0.75,0.3199999928474426,1.0,0
ZCORMF-D1,Demanda CORMIDOM,\VM-PF.IntUser\PDD 30-09-2025.IntPrj\Network Model.IntPrjfolder\Network Data.IntPrjfolder\NORTE 69 kV.ElmNet\Demanda CORMIDOM.ElmLod,6.320000171661377,1.2799999713897705,1.0,0
ZIDALF-D1,69 kV INDAL D1,\VM-PF.IntUser\PDD 30-09-2025.IntPrj\Network Model.IntPrjfolder\Network Data.IntPrjfolder\NORTE 69 kV.ElmNet\69 kV INDAL D1.ElmLod,0.41999998688697815,0.18000000715255737,1.0,0
ZLUPEF-D1,Demanda Luperón,\VM-PF.IntUser\PDD 30-09-2025.IntPrj\Network Model.IntPrjfolder\Network Data.IntPrjfolder\NORTE 69 kV.ElmNet\Demanda Luperón.ElmLod,6.329999923706055,2.2699999809265137,1.0,0
ZFANTF-D1,Demanda Fantino,\VM-PF.IntUser\PDD 30-09-2025.IntPrj\Network Model.IntPrjfolder\Network Data.IntPrjfolder\NORTE 69 kV.ElmNet\Demanda Fantino.ElmLod,5.769999980926514,1.3700000047683716,1.0,0
ZCCIBF-D1,Demanda Cementos Cibao,\VM-PF.IntUser\PDD 30-09-2025.IntPrj\Network Model.IntPrjfolder\Network Data.IntPrjfolder\NORTE 69 kV.ElmNet\Demanda Cementos Cibao.ElmLod,12.0,0.0,1.0,0
ZTROQF-D1,Demanda Troquelados Dominicanos,\VM-PF.IntUser\PDD 30-09-2025.IntPrj\Network Model.IntPrjfolder\Network Data.IntPrjfolder\NORTE 69 kV.ElmNet\Demanda Troquelados Dominicanos.ElmLod,1.6799999475479126,0.38999998569488525,1.0,0
ZLPENF-D1,Demanda La Penda,\VM-PF.IntUser\PDD 30-09-2025.IntPrj\Network Model.IntPrjfolder\Network Data.IntPrjfolder\NORTE 69 kV.ElmNet\Demanda La Penda.ElmLod,18.649999618530273,5.480000019073486,1.0,0
ZECHIF-D2,Demanda 2 El Chivo,\VM-PF.IntUser\PDD 30-09-2025.IntPrj\Network Model.IntPrjfolder\Network Data.IntPrjfolder\NORTE 69 kV.ElmNet\Demanda 2 El Chivo.ElmLod,16.530000686645508,6.0,1.0,0
ZCZFSF-D1,Demanda 1 Corporación ZF Santiago,\VM-PF.IntUser\PDD 30-09-2025.IntPrj\Network Model.IntPrjfolder\Network Data.IntPrjfolder\NORTE 69 kV.ElmNet\Demanda 1 Corporación ZF Santiago.ElmLod,3.4200000762939453,1.2999999523162842,1.0,0
ZCZFSF-D2,Demanda 2 Corporación ZF Santiago,\VM-PF.IntUser\PDD 30-09-2025.IntPrj\Network Model.IntPrjfolder\Network Data.IntPrjfolder\NORTE 69 kV.ElmNet\Demanda 2 Corporación ZF Santiago.ElmLod,5.630000114440918,2.140000104904175,1.0,0
ZCODAF-D2,Demanda 2 CODAL,\VM-PF.IntUser\PDD 30-09-2025.IntPrj\Network Model.IntPrjfolder\Network Data.IntPrjfolder\NORTE 69 kV.ElmNet\Demanda 2 CODAL.ElmLod,0.8799999952316284,0.3199999928474426,1.0,0
ZCOR2F-D1,Demanda CORMIDOM 2,\VM-PF.IntUser\PDD 30-09-2025.IntPrj\Network Model.IntPrjfolder\Network Data.IntPrjfolder\NORTE 69 kV.ElmNet\Demanda CORMIDOM 2.ElmLod,0.0,0.0,1.0,1
ZPSCEN-D1,69 kV Plaza Santiago Center D1,\VM-PF.IntUser\PDD 30-09-2025.IntPrj\Network Model.IntPrjfolder\Network Data.IntPrjfolder\NORTE 69 kV.ElmNet\69 kV Plaza Santiago Center D1.ElmLod,0.44999998807907104,0.1899999976158142,1.0,0
WRARRF-D1,69 kV Rancho Arriba D1,\VM-PF.IntUser\PDD 30-09-2025.IntPrj\Network Model.IntPrjfolder\Network Data.IntPrjfolder\NORTE 69 kV.ElmNet\69 kV Rancho Arriba D1.ElmLod,0.0,0.0,1.0,0
